wl,bg,wl1,01_C.sexpl_intact_bright_i2_p1_r1,01_C.sexpl_intact_bright_i2_p1_r1_cal,wl1,02_C.sexpl_intact_darkpt_i2_p1_r1,02_C.sexpl_intact_darkpt_i2_p1_r1_Cal,wl1,03_C.sexpl_intact_bright_i2_p2_r1,03_C.sexpl_intact_bright_i2_p2_r2_cal,wl1,04_C.sexpl_intact_darkpt_i2_p2_r1,04_C.sexpl_intact_darkpt_i2_p2_r1_cal,wl1,05_C.sexpl_alterd_bright_i2_p1_r1,05_C.sexpl_alterd_bright_i2_p1_r1_cal,wl1,06_C.sexpl_alterd_darkpt_i2_p1_r1,06_C.sexpl_alterd_darkpt_i2_p1_r1_cal,wl,07_C.sexpl_alterd_bright_i2_p2_r1,07_C.sexpl_alterd_bright_i2_p2_r1_cal,wl,08_C.sexpl_alterd_darkpt_i2_p2_r1,08_C.sexpl_alterd_darkpt_i2_p2_r1_cal,wl,09_T.bonvo_intact_bright_i2_p1_r1,09_T.bonvo_intact_bright_i2_p1_r1_cal,wl,10_T.bonvo_intact_darkpt_i2_p1_r1,10_T.bonvo_intact_darkpt_i2_p1_r1_cal,wl,11.T.bonvo_intact_bright_2_2_1,11.T.bonvo_intact_bright_2_2_1_cal,wl,12_T.bonvo_intact_darkpt_i2_p2_r1,12_T.bonvo_intact_darkpt_i2_p2_r1_cal,wl,13_T.bonvo_alterd_bright_i2_p1_r1,13_T.bonvo_alterd_bright_i2_p1_r1_cal,wl,14_T.bonvo_alterd_darkpt_i2_p1_r1,14_T.bonvo_alterd_darkpt_i2_p1_r1_cal,wl,15_T.bonvo_alterd_bright_i2_p2_r1,15_T.bonvo_alterd_bright_i2_p2_r1_cal,wl,16_T.bonvo_alterd_darkpt_i2_p2_r1,16_T.bonvo_alterd_darkpt_i2_p2_r1_cal,wl,17_C.scala_intact_bright_i2_p1_r1,17_C.scala_intact_bright_i2_p1_r1_cal,wl,18_C.scala_intact_darkpt_i2_p1_r1,18_C.scala_intact_darkpt_i2_p1_r1_cal,wl,19_C.scala_intact_bright_i2_p2_r1,19_C.scala_intact_bright_i2_p2_r1_cal,wl,20_C.scala_intact_darkpt_i2_p2_r1,20_C.scala_intact_darkpt_i2_p2_r1_cal,wl,21_C.scala_alterd_bright_i2_p1_r1,21_C.scala_alterd_bright_i2_p1_r1_cal,wl,22_C.scala_alterd_darkpt_i2_p1_r1,22_C.scala_alterd_darkpt_i2_p1_r1_cal,wl,23_C.scala_alterd_bright_i2_p2_r1,23_C.scala_alterd_bright_i2_p2_r1_cal,wl,24_C.scala_alterd_darkpt_i2_p2_r1,24_C.scala_alterd_darkpt_i2_p2_r1_cal,wl,25_C.octos_intact_bright_i2_p1_r1,25_C.octos_intact_bright_i2_p1_r1_cal,wl,26_C.octos_intact_darkpt_i2_p1_r1,26_C.octos_intact_darkpt_i2_p1_r1_cal,wl,27_C.octos_intact_bright_i2_p2_r1,27_C.octos_intact_bright_i2_p2_r1_cal,wl,28_C.octos_intact_darkpt_i2_p2_r1,28_C.octos_intact_darkpt_i2_p2_r1_cal,wl,29_C.octos_alterd_bright_i2_p1_r1,29_C.octos_alterd_bright_i2_p1_r1_cal,wl,30_C.octos_alterd_darkpt_i2_p1_r1,30_C.octos_alterd_darkpt_i2_p1_r1_cal,wl,31_C.octos_alterd_bright_i2_p2_r1,31_C.octos_alterd_bright_i2_p2_r1_cal,wl,32_C.octos_alterd_darkpt_i2_p2_r1,32_C.octos_alterd_darkpt_i2_p2_r1_cal,wl,33_T.bruck_intact_bright_i2_p1_r1,33_T.bruck_intact_bright_i2_p1_r1_cal,wl,34_T.bruck_intact_bright_i2_p2_r1,34_T.bruck_intact_bright_i2_p2_r1_cal,wl,35_T.bruck_alterd_bright_i2_p1_r1,35_T.bruck_alterd_bright_i2_p1_r1_cal,wl,36_T.bruck_alterd_bright_i2_p2_r1,36_T.bruck_alterd_bright_i2_p2_r1_cal
400,-2.39E-08,400,-1.36E-08,56.74298128,400,-1.55E-08,64.77690508,,,,,,,400,-1.56E-08,65.14037433,400,-1.74E-08,72.84842914,,,,,,,400,-1.57E-08,65.52055481,400,-1.62E-08,67.65541444,,,,,,,400,-1.41E-08,58.97810829,400,-1.34E-08,55.92830882,,,,,,,400,-1.27E-08,52.94953209,400,-1.33E-08,55.5230615,,,,,,,400,-1.53E-08,63.85778743,400,-1.37E-08,57.32369652,,,,,,,400,-1.45E-08,60.73278743,400,-1.28E-08,53.5177139,,,,,,,400,-1.56E-08,65.00668449,400,-1.40E-08,58.58121658,,,,,,,400,-1.62E-08,67.77239305,,,,400,-1.68E-08,70.13285428,,,
405,-2.45E-08,405,-1.36E-08,55.50200147,405,-1.55E-08,63.3935136,,,,,,,405,-1.56E-08,63.85099257,405,-1.75E-08,71.2809411,,,,,,,405,-1.57E-08,64.12874765,405,-1.62E-08,66.19148762,,,,,,,405,-1.41E-08,57.74854996,405,-1.34E-08,54.73409035,,,,,,,405,-1.27E-08,51.85850829,405,-1.33E-08,54.31745772,,,,,,,405,-1.54E-08,62.84208806,405,-1.38E-08,56.20455845,,,,,,,405,-1.45E-08,59.41099583,405,-1.28E-08,52.36908749,,,,,,,405,-1.56E-08,63.64676089,405,-1.40E-08,57.30332489,,,,,,,405,-1.63E-08,66.55093538,,,,405,-1.69E-08,68.97720774,,,
410,-3.03E-08,410,-1.37E-08,45.14329107,410,-1.56E-08,51.44941891,,,,,,,410,-1.60E-08,52.84931326,410,-1.75E-08,57.90412044,,,,,,,410,-1.58E-08,52.01069731,410,-1.62E-08,53.64830956,,,,,,,410,-1.42E-08,46.87995246,410,-1.34E-08,44.38391442,,,,,,,410,-1.29E-08,42.62414157,410,-1.34E-08,44.12308505,,,,,,,410,-1.59E-08,52.53235605,410,-1.39E-08,45.9620972,,,,,,,410,-1.47E-08,48.40861067,410,-1.29E-08,42.50528262,,,,,,,410,-1.58E-08,52.2120972,410,-1.41E-08,46.51347068,,,,,,,410,-1.72E-08,56.86740623,,,,410,-1.80E-08,59.35684099,,,
415,-7.05E-08,415,-1.46E-08,20.68070991,415,-1.59E-08,22.47249943,,,,,,,415,-1.89E-08,26.81163529,415,-1.79E-08,25.43660694,,,,,,,415,-1.60E-08,22.73899977,415,-1.64E-08,23.31594466,,,,,,,415,-1.46E-08,20.66795192,415,-1.37E-08,19.34962577,,,,,,,415,-1.45E-08,20.50493309,415,-1.36E-08,19.27874802,,,,,,,415,-1.95E-08,27.67067362,415,-1.42E-08,20.06974371,,,,,,,415,-1.54E-08,21.87429122,415,-1.30E-08,18.46507144,,,,,,,415,-1.76E-08,24.97306645,415,-1.43E-08,20.2526083,,,,,,,415,-2.50E-08,35.49841234,,,,415,-2.69E-08,38.13222953,,,
420,-2.98E-07,420,-1.99E-08,6.667874554,420,-1.68E-08,5.63378864,,,,,,,420,-3.80E-08,12.73314745,420,-1.93E-08,6.461191581,,,,,,,420,-1.69E-08,5.67975547,420,-1.73E-08,5.810945474,,,,,,,420,-1.66E-08,5.566683778,420,-1.45E-08,4.855707772,,,,,,,420,-2.38E-08,7.975748303,420,-1.44E-08,4.822490865,,,,,,,420,-4.48E-08,15.01605484,420,-1.51E-08,5.067759134,,,,,,,420,-1.95E-08,6.540375317,420,-1.36E-08,4.549374079,,,,,,,420,-2.94E-08,9.867434346,420,-1.50E-08,5.047627675,,,,,,,420,-7.82E-08,26.22793508,,,,420,-8.52E-08,28.58667096,,,
425,-1.90E-07,425,-1.79E-08,9.466231971,425,-1.63E-08,8.600006331,,,,,,,425,-3.12E-08,16.45353929,425,-1.85E-08,9.77326201,,,,,,,425,-1.64E-08,8.66805938,425,-1.69E-08,8.897013051,,,,,,,425,-1.59E-08,8.378965805,425,-1.41E-08,7.41250699,,,,,,,425,-1.99E-08,10.48966543,425,-1.37E-08,7.218371158,,,,,,,425,-3.61E-08,19.02161871,425,-1.46E-08,7.708458625,,,,,,,425,-1.79E-08,9.437217105,425,-1.33E-08,7.019487439,,,,,,,425,-2.56E-08,13.51987255,425,-1.46E-08,7.723229829,,,,,,,425,-6.00E-08,31.67790333,,,,425,-6.38E-08,33.67676384,,,
430,-1.51E-07,430,-1.74E-08,11.5204269,430,-1.61E-08,10.64140327,,,,,,,430,-2.90E-08,19.13643028,430,-1.83E-08,12.07518261,,,,,,,430,-1.63E-08,10.73254171,430,-1.67E-08,11.03369481,,,,,,,430,-1.57E-08,10.35940245,430,-1.39E-08,9.173281908,,,,,,,430,-1.87E-08,12.37105232,430,-1.36E-08,8.998930114,,,,,,,430,-3.34E-08,22.04625606,430,-1.44E-08,9.531891849,,,,,,,430,-1.77E-08,11.67430556,430,-1.32E-08,8.688531086,,,,,,,430,-2.48E-08,16.37057681,430,-1.45E-08,9.578781915,,,,,,,430,-5.39E-08,35.62918543,,,,430,-5.63E-08,37.1706138,,,
435,-1.48E-07,435,-1.79E-08,12.11612868,435,-1.61E-08,10.87556482,,,,,,,435,-3.01E-08,20.34213588,435,-1.82E-08,12.33326118,,,,,,,435,-1.62E-08,10.9689115,435,-1.67E-08,11.27803783,,,,,,,435,-1.58E-08,10.6902243,435,-1.39E-08,9.379988636,,,,,,,435,-1.91E-08,12.89334127,435,-1.37E-08,9.272437025,,,,,,,435,-3.51E-08,23.77025894,435,-1.44E-08,9.748640385,,,,,,,435,-1.83E-08,12.36167104,435,-1.31E-08,8.888227495,,,,,,,435,-2.58E-08,17.47679861,435,-1.45E-08,9.800048703,,,,,,,435,-5.66E-08,38.25387592,,,,435,-5.81E-08,39.29015937,,,
440,-1.41E-07,440,-1.81E-08,12.82988455,440,-1.60E-08,11.33466713,,,,,,,440,-3.10E-08,21.89733547,440,-1.82E-08,12.84685156,,,,,,,440,-1.62E-08,11.44990138,440,-1.66E-08,11.7602562,,,,,,,440,-1.58E-08,11.17701536,440,-1.38E-08,9.773702554,,,,,,,440,-1.91E-08,13.49230476,440,-1.38E-08,9.749665962,,,,,,,440,-3.60E-08,25.46606245,440,-1.44E-08,10.17030633,,,,,,,440,-1.89E-08,13.35727566,440,-1.31E-08,9.279538497,,,,,,,440,-2.64E-08,18.68350171,440,-1.45E-08,10.21908647,,,,,,,440,-5.74E-08,40.59356244,,,,440,-5.85E-08,41.39171869,,,
445,-1.43E-07,445,-1.86E-08,12.995188,445,-1.60E-08,11.22076432,,,,,,,445,-3.30E-08,23.07869852,445,-1.82E-08,12.7126231,,,,,,,445,-1.62E-08,11.31518577,445,-1.66E-08,11.62782565,,,,,,,445,-1.58E-08,11.08297896,445,-1.38E-08,9.665957923,,,,,,,445,-1.92E-08,13.40784467,445,-1.37E-08,9.598813787,,,,,,,445,-3.78E-08,26.44919427,445,-1.44E-08,10.07022158,,,,,,,445,-1.98E-08,13.83938563,445,-1.31E-08,9.1777641,,,,,,,445,-2.74E-08,19.19832699,445,-1.45E-08,10.11848142,,,,,,,445,-6.07E-08,42.43369517,,,,445,-6.14E-08,42.94706804,,,
450,-1.52E-07,450,-1.92E-08,12.67967653,450,-1.61E-08,10.58913472,,,,,,,450,-3.66E-08,24.13613566,450,-1.82E-08,12.01138858,,,,,,,450,-1.62E-08,10.6860167,450,-1.67E-08,10.97666265,,,,,,,450,-1.59E-08,10.48698025,450,-1.39E-08,9.130632501,,,,,,,450,-1.94E-08,12.81544312,450,-1.38E-08,9.077907613,,,,,,,450,-4.05E-08,26.70647396,450,-1.45E-08,9.532000712,,,,,,,450,-2.08E-08,13.73681054,450,-1.31E-08,8.661380997,,,,,,,450,-2.92E-08,19.2557882,450,-1.45E-08,9.562976584,,,,,,,450,-6.68E-08,44.02264534,,,,450,-6.74E-08,44.41149139,,,
455,-1.64E-07,455,-2.01E-08,12.24643857,455,-1.61E-08,9.821015463,,,,,,,455,-4.12E-08,25.06331426,455,-1.83E-08,11.14878851,,,,,,,455,-1.63E-08,9.906854986,455,-1.67E-08,10.16680872,,,,,,,455,-1.59E-08,9.705345184,455,-1.39E-08,8.468890783,,,,,,,455,-2.00E-08,12.16486059,455,-1.38E-08,8.416534762,,,,,,,455,-4.37E-08,26.60172897,455,-1.46E-08,8.857908194,,,,,,,455,-2.19E-08,13.32582491,455,-1.32E-08,8.028734932,,,,,,,455,-3.15E-08,19.17934981,455,-1.46E-08,8.868866431,,,,,,,455,-7.47E-08,45.48155363,,,,455,-7.53E-08,45.85839523,,,
460,-1.81E-07,460,-2.14E-08,11.79163935,460,-1.62E-08,8.935330839,,,,,,,460,-4.70E-08,25.89796852,460,-1.84E-08,10.15796752,,,,,,,460,-1.64E-08,9.011917815,460,-1.68E-08,9.239474801,,,,,,,460,-1.60E-08,8.813012072,460,-1.40E-08,7.705531343,,,,,,,460,-2.11E-08,11.6081612,460,-1.39E-08,7.657044624,,,,,,,460,-4.79E-08,26.39771231,460,-1.47E-08,8.079099469,,,,,,,460,-2.32E-08,12.79498383,460,-1.32E-08,7.297802119,,,,,,,460,-3.49E-08,19.21010728,460,-1.47E-08,8.075242571,,,,,,,460,-8.50E-08,46.85139372,,,,460,-8.61E-08,47.45417179,,,
465,-2.06E-07,465,-2.33E-08,11.29700005,465,-1.63E-08,7.927216956,,,,,,,465,-5.48E-08,26.57823595,465,-1.86E-08,9.030902217,,,,,,,465,-1.65E-08,7.991768469,465,-1.69E-08,8.17959881,,,,,,,465,-1.61E-08,7.796657882,465,-1.41E-08,6.839062887,,,,,,,465,-2.30E-08,11.15333654,465,-1.40E-08,6.791983964,,,,,,,465,-5.41E-08,26.27392167,465,-1.48E-08,7.189970733,,,,,,,465,-2.53E-08,12.29487908,465,-1.33E-08,6.458063358,,,,,,,465,-3.97E-08,19.29022457,465,-1.48E-08,7.166188597,,,,,,,465,-9.90E-08,48.05932915,,,,465,-1.01E-07,48.98537641,,,
470,-2.35E-07,470,-2.55E-08,10.88166836,470,-1.65E-08,7.018134693,,,,,,,470,-6.39E-08,27.23997988,470,-1.88E-08,8.002881771,,,,,,,470,-1.66E-08,7.068864088,470,-1.70E-08,7.225741544,,,,,,,470,-1.61E-08,6.876177647,470,-1.42E-08,6.051292108,,,,,,,470,-2.54E-08,10.82624969,470,-1.41E-08,6.012925338,,,,,,,470,-6.20E-08,26.43726181,470,-1.50E-08,6.382951513,,,,,,,470,-2.83E-08,12.05270742,470,-1.34E-08,5.705564887,,,,,,,470,-4.59E-08,19.55000043,470,-1.49E-08,6.346289933,,,,,,,470,-1.15E-07,49.17042519,,,,470,-1.18E-07,50.20462277,,,
475,-2.54E-07,475,-2.73E-08,10.73816249,475,-1.65E-08,6.514913349,,,,,,,475,-7.15E-08,28.16418669,475,-1.89E-08,7.437567219,,,,,,,475,-1.66E-08,6.557854968,475,-1.70E-08,6.700468418,,,,,,,475,-1.61E-08,6.340389153,475,-1.43E-08,5.618654785,,,,,,,475,-2.68E-08,10.57072957,475,-1.42E-08,5.582016523,,,,,,,475,-6.84E-08,26.95630592,475,-1.51E-08,5.949187064,,,,,,,475,-3.12E-08,12.29154602,475,-1.34E-08,5.292062104,,,,,,,475,-5.07E-08,19.95564013,475,-1.50E-08,5.89560853,,,,,,,475,-1.28E-07,50.30275811,,,,475,-1.30E-07,51.31287106,,,
480,-2.47E-07,480,-2.74E-08,11.10917314,480,-1.65E-08,6.695195408,,,,,,,480,-7.28E-08,29.54509502,480,-1.88E-08,7.637049506,,,,,,,480,-1.66E-08,6.730890137,480,-1.70E-08,6.881781491,,,,,,,480,-1.59E-08,6.431946782,480,-1.42E-08,5.776056138,,,,,,,480,-2.63E-08,10.65771594,480,-1.41E-08,5.732248971,,,,,,,480,-6.90E-08,27.98710122,480,-1.51E-08,6.115967307,,,,,,,480,-3.23E-08,13.08941935,480,-1.33E-08,5.398422131,,,,,,,480,-5.12E-08,20.7568905,480,-1.49E-08,6.062425213,,,,,,,480,-1.27E-07,51.61985114,,,,480,-1.29E-07,52.34064129,,,
485,-2.49E-07,485,-2.84E-08,11.41775283,485,-1.65E-08,6.636631572,,,,,,,485,-7.69E-08,30.87591651,485,-1.89E-08,7.569004425,,,,,,,485,-1.66E-08,6.66795159,485,-1.70E-08,6.812103982,,,,,,,485,-1.58E-08,6.325840621,485,-1.43E-08,5.731563351,,,,,,,485,-2.72E-08,10.90779868,485,-1.41E-08,5.680969475,,,,,,,485,-7.20E-08,28.90074767,485,-1.51E-08,6.070863549,,,,,,,485,-3.43E-08,13.77036805,485,-1.34E-08,5.389050843,,,,,,,485,-5.32E-08,21.36306326,485,-1.50E-08,6.009428129,,,,,,,485,-1.31E-07,52.74612314,,,,485,-1.32E-07,53.18179263,,,
490,-2.60E-07,490,-3.08E-08,11.83172824,490,-1.66E-08,6.37876128,,,,,,,490,-8.41E-08,32.3129108,490,-1.90E-08,7.281890925,,,,,,,490,-1.67E-08,6.402962542,490,-1.70E-08,6.542792057,,,,,,,490,-1.58E-08,6.054541194,490,-1.44E-08,5.516351218,,,,,,,490,-2.98E-08,11.4375934,490,-1.42E-08,5.458345018,,,,,,,490,-7.77E-08,29.83477837,490,-1.52E-08,5.849406685,,,,,,,490,-3.75E-08,14.40128766,490,-1.35E-08,5.179070134,,,,,,,490,-5.72E-08,21.97551447,490,-1.50E-08,5.776802898,,,,,,,490,-1.40E-07,53.8393574,,,,490,-1.40E-07,53.96996739,,,
495,-2.73E-07,495,-3.42E-08,12.52364959,495,-1.67E-08,6.115893991,,,,,,,495,-9.24E-08,33.89297919,495,-1.91E-08,6.988178872,,,,,,,495,-1.67E-08,6.131660385,495,-1.71E-08,6.262558116,,,,,,,495,-1.58E-08,5.786999692,495,-1.45E-08,5.304474722,,,,,,,495,-3.38E-08,12.39531848,495,-1.43E-08,5.24324245,,,,,,,495,-8.39E-08,30.77599988,495,-1.53E-08,5.625302495,,,,,,,495,-4.11E-08,15.08330522,495,-1.35E-08,4.96018069,,,,,,,495,-6.15E-08,22.5499758,495,-1.51E-08,5.543903906,,,,,,,495,-1.50E-07,55.0404793,,,,495,-1.49E-07,54.76548406,,,
500,-2.85E-07,500,-3.81E-08,13.35626887,500,-1.68E-08,5.877670114,,,,,,,500,-1.02E-07,35.60058496,500,-1.92E-08,6.722497519,,,,,,,500,-1.68E-08,5.885034736,500,-1.71E-08,6.007427748,,,,,,,500,-1.58E-08,5.553977422,500,-1.46E-08,5.112450771,,,,,,,500,-3.98E-08,13.97314368,500,-1.44E-08,5.044064991,,,,,,,500,-9.05E-08,31.74608185,500,-1.55E-08,5.421414218,,,,,,,500,-4.52E-08,15.84516057,500,-1.36E-08,4.751934967,,,,,,,500,-6.64E-08,23.27431114,500,-1.52E-08,5.330233178,,,,,,,500,-1.60E-07,56.27834065,,,,500,-1.59E-07,55.90800534,,,
505,-2.98E-07,505,-4.23E-08,14.20403836,505,-1.68E-08,5.645177525,,,,,,,505,-1.12E-07,37.41418995,505,-1.93E-08,6.461169902,,,,,,,505,-1.68E-08,5.647861711,505,-1.72E-08,5.755229129,,,,,,,505,-1.59E-08,5.335154106,505,-1.47E-08,4.926486871,,,,,,,505,-4.64E-08,15.57196637,505,-1.45E-08,4.860053281,,,,,,,505,-9.79E-08,32.84369317,505,-1.56E-08,5.22376041,,,,,,,505,-4.93E-08,16.54431255,505,-1.36E-08,4.561773173,,,,,,,505,-7.13E-08,23.91508579,505,-1.53E-08,5.123774502,,,,,,,505,-1.71E-07,57.50733118,,,,505,-1.70E-07,57.12215057,,,
510,-3.12E-07,510,-4.68E-08,14.97881037,510,-1.69E-08,5.41224482,,,,,,,510,-1.22E-07,39.17214693,510,-1.93E-08,6.196084964,,,,,,,510,-1.69E-08,5.40904155,510,-1.72E-08,5.507702262,,,,,,,510,-1.60E-08,5.12170824,510,-1.48E-08,4.750128932,,,,,,,510,-5.46E-08,17.47832187,510,-1.46E-08,4.661718682,,,,,,,510,-1.06E-07,34.04050855,510,-1.57E-08,5.024649162,,,,,,,510,-5.37E-08,17.1925902,510,-1.36E-08,4.369580468,,,,,,,510,-7.70E-08,24.65396677,510,-1.54E-08,4.918300601,,,,,,,510,-1.83E-07,58.70056153,,,,510,-1.82E-07,58.42315836,,,
515,-3.26E-07,515,-5.10E-08,15.61574257,515,-1.70E-08,5.198099422,,,,,,,515,-1.33E-07,40.85017477,515,-1.94E-08,5.951713553,,,,,,,515,-1.69E-08,5.190134395,515,-1.72E-08,5.277137002,,,,,,,515,-1.61E-08,4.942605851,515,-1.50E-08,4.589693867,,,,,,,515,-6.26E-08,19.18530024,515,-1.47E-08,4.488292941,,,,,,,515,-1.15E-07,35.3175442,515,-1.58E-08,4.84059223,,,,,,,515,-5.81E-08,17.80949493,515,-1.37E-08,4.198488483,,,,,,,515,-8.26E-08,25.31530786,515,-1.54E-08,4.732451666,,,,,,,515,-1.95E-07,59.74842767,,,,515,-1.95E-07,59.61149047,,,
520,-3.32E-07,520,-5.41E-08,16.29094476,520,-1.70E-08,5.117380498,,,,,,,520,-1.41E-07,42.41194206,520,-1.95E-08,5.863307837,,,,,,,520,-1.70E-08,5.113468818,520,-1.72E-08,5.18839254,,,,,,,520,-1.63E-08,4.899529997,520,-1.51E-08,4.551992249,,,,,,,520,-6.87E-08,20.67503566,520,-1.47E-08,4.43674813,,,,,,,520,-1.22E-07,36.6927646,520,-1.59E-08,4.777967009,,,,,,,520,-6.14E-08,18.47155607,520,-1.37E-08,4.132238865,,,,,,,520,-8.65E-08,26.02711697,520,-1.55E-08,4.667236368,,,,,,,520,-2.02E-07,60.7300399,,,,520,-2.01E-07,60.52332264,,,
525,-3.44E-07,525,-5.79E-08,16.8294618,525,-1.71E-08,4.967261758,,,,,,,525,-1.51E-07,43.94683995,525,-1.96E-08,5.687706521,,,,,,,525,-1.71E-08,4.96319309,525,-1.73E-08,5.021607531,,,,,,,525,-1.66E-08,4.814686727,525,-1.54E-08,4.461003275,,,,,,,525,-7.49E-08,21.77173032,525,-1.48E-08,4.300872148,,,,,,,525,-1.31E-07,38.01268843,525,-0.000000016,4.649905694,,,,,,,525,-6.59E-08,19.15325217,525,-1.38E-08,4.005312517,,,,,,,525,-9.19E-08,26.70615212,525,-1.56E-08,4.531333099,,,,,,,525,-2.11E-07,61.46565027,,,,525,-2.11E-07,61.31772515,,,
530,-3.53E-07,530,-6.12E-08,17.3501112,530,-1.72E-08,4.864861798,,,,,,,530,-1.60E-07,45.38164344,530,-1.97E-08,5.576010984,,,,,,,530,-1.72E-08,4.866563791,530,-1.73E-08,4.909964599,,,,,,,530,-1.69E-08,4.803022739,530,-1.56E-08,4.415535787,,,,,,,530,-8.03E-08,22.77237553,530,-1.49E-08,4.214417011,,,,,,,530,-1.38E-07,39.16937094,530,-1.61E-08,4.568147778,,,,,,,530,-6.96E-08,19.73687196,530,-1.38E-08,3.920539645,,,,,,,530,-9.62E-08,27.29854083,530,-1.57E-08,4.442200336,,,,,,,530,-2.19E-07,62.20271865,,,,530,-2.19E-07,62.01351382,,,
535,-3.57E-07,535,-6.44E-08,18.01319205,535,-1.72E-08,4.809671933,,,,,,,535,-1.67E-07,46.82366961,535,-1.97E-08,5.517667726,,,,,,,535,-1.72E-08,4.824497606,535,-1.73E-08,4.846596249,,,,,,,535,-1.74E-08,4.880723269,535,-1.58E-08,4.423924719,,,,,,,535,-8.48E-08,23.72555163,535,-1.49E-08,4.181399096,,,,,,,535,-1.45E-07,40.4293291,535,-1.62E-08,4.533858479,,,,,,,535,-7.25E-08,20.28823345,535,-1.38E-08,3.87369646,,,,,,,535,-9.97E-08,27.8982791,535,-1.57E-08,4.400147697,,,,,,,535,-2.25E-07,63.03204583,,,,535,-2.24E-07,62.75231616,,,
540,-3.61E-07,540,-6.73E-08,18.64611531,540,-1.72E-08,4.776167374,,,,,,,540,-1.74E-07,48.32357578,540,-1.98E-08,5.480761505,,,,,,,540,-1.74E-08,4.81412624,540,-1.74E-08,4.808861871,,,,,,,540,-1.82E-08,5.049083307,540,-1.61E-08,4.46058235,,,,,,,540,-8.85E-08,24.52059615,540,-1.50E-08,4.159959215,,,,,,,540,-1.50E-07,41.69435078,540,-1.63E-08,4.517382113,,,,,,,540,-7.53E-08,20.85548755,540,-1.39E-08,3.846036623,,,,,,,540,-1.03E-07,28.52955112,540,-1.58E-08,4.37385881,,,,,,,540,-2.30E-07,63.81605743,,,,540,-2.30E-07,63.58830424,,,
545,-3.72E-07,545,-7.10E-08,19.10494508,545,-1.73E-08,4.661475291,,,,,,,545,-1.85E-07,49.74410858,545,-1.99E-08,5.347619483,,,,,,,545,-1.76E-08,4.738700147,545,-1.74E-08,4.682732307,,,,,,,545,-1.95E-08,5.248061306,545,-1.65E-08,4.437873007,,,,,,,545,-9.38E-08,25.23342356,545,-1.51E-08,4.063857153,,,,,,,545,-1.60E-07,42.9531646,545,-1.64E-08,4.423881047,,,,,,,545,-7.94E-08,21.37110445,545,-1.39E-08,3.74715452,,,,,,,545,-1.08E-07,29.06076278,545,-1.59E-08,4.274812858,,,,,,,545,-2.40E-07,64.6205219,,,,545,-2.40E-07,64.60222472,,,
550,-3.79E-07,550,-7.43E-08,19.59566715,550,-1.74E-08,4.587572052,,,,,,,550,-1.93E-07,50.97721244,550,-2.00E-08,5.261811719,,,,,,,550,-1.80E-08,4.733389234,550,-1.75E-08,4.602338349,,,,,,,550,-2.14E-08,5.64230755,550,-1.70E-08,4.472078515,,,,,,,550,-9.84E-08,25.93541855,550,-1.52E-08,4.005358056,,,,,,,550,-1.68E-07,44.31392093,550,-1.66E-08,4.372142326,,,,,,,550,-8.28E-08,21.84515428,550,-1.40E-08,3.686036884,,,,,,,550,-1.13E-07,29.69159534,550,-1.60E-08,4.213932001,,,,,,,550,-2.49E-07,65.62247852,,,,550,-2.49E-07,65.60296592,,,
555,-3.87E-07,555,-7.79E-08,20.13648435,555,-1.75E-08,4.526377579,,,,,,,555,-2.01E-07,52.07764972,555,-2.01E-08,5.193542465,,,,,,,555,-1.85E-08,4.773849205,555,-1.75E-08,4.530773627,,,,,,,555,-2.43E-08,6.278331881,555,-1.75E-08,4.524567442,,,,,,,555,-1.03E-07,26.70314524,555,-1.53E-08,3.960321791,,,,,,,555,-1.77E-07,45.65942008,555,-1.67E-08,4.327521069,,,,,,,555,-8.67E-08,22.40768946,555,-1.40E-08,3.63216976,,,,,,,555,-1.17E-07,30.23627463,555,-1.61E-08,4.16383294,,,,,,,555,-2.57E-07,66.5184078,,,,555,-2.57E-07,66.49797911,,,
560,-3.93E-07,560,-8.17E-08,20.79327657,560,-1.76E-08,4.478124936,,,,,,,560,-2.09E-07,53.18807666,560,-2.02E-08,5.14160743,,,,,,,560,-1.92E-08,4.892865145,560,-1.76E-08,4.473542172,,,,,,,560,-2.84E-08,7.235167118,560,-1.81E-08,4.609752123,,,,,,,560,-1.08E-07,27.45432511,560,-1.54E-08,3.923865002,,,,,,,560,-1.84E-07,46.78850032,560,-1.69E-08,4.296087337,,,,,,,560,-9.04E-08,23.02737438,560,-1.41E-08,3.588559382,,,,,,,560,-1.21E-07,30.78013932,560,-1.62E-08,4.12550665,,,,,,,560,-2.65E-07,67.44887671,,,,560,-2.65E-07,67.34398232,,,
565,-3.98E-07,565,-8.58E-08,21.54264535,565,-1.77E-08,4.439054033,,,,,,,565,-2.16E-07,54.20954304,565,-2.03E-08,5.103983045,,,,,,,565,-2.03E-08,5.095194331,565,-1.76E-08,4.431269743,,,,,,,565,-3.43E-08,8.603397968,565,-1.88E-08,4.718786253,,,,,,,565,-1.12E-07,28.09375298,565,-1.55E-08,3.901938037,,,,,,,565,-1.90E-07,47.78850838,565,-1.71E-08,4.282866025,,,,,,,565,-9.38E-08,23.55726977,565,-1.42E-08,3.554909376,,,,,,,565,-1.25E-07,31.28330295,565,-1.63E-08,4.099056343,,,,,,,565,-2.72E-07,68.34430667,,,,565,-2.71E-07,68.05879901,,,
570,-4.01E-07,570,-8.90E-08,22.18465857,570,-1.78E-08,4.427607287,,,,,,,570,-2.22E-07,55.3015854,570,-2.04E-08,5.09427894,,,,,,,570,-2.18E-08,5.423625706,570,-1.77E-08,4.417634637,,,,,,,570,-4.20E-08,10.48150447,570,-1.95E-08,4.869395682,,,,,,,570,-1.15E-07,28.71824023,570,-1.57E-08,3.903295213,,,,,,,570,-1.95E-07,48.5692987,570,-1.72E-08,4.297962837,,,,,,,570,-9.66E-08,24.09566763,570,-1.42E-08,3.543033231,,,,,,,570,-1.28E-07,31.88306071,570,-1.65E-08,4.101252316,,,,,,,570,-2.77E-07,69.18151968,,,,570,-2.76E-07,68.80006582,,,
575,-4.03E-07,575,-9.24E-08,22.9317571,575,-1.78E-08,4.428430694,,,,,,,575,-2.27E-07,56.39363056,575,-2.05E-08,5.098179346,,,,,,,575,-2.37E-08,5.889023715,575,-1.78E-08,4.417760374,,,,,,,575,-5.20E-08,12.91108646,575,-2.03E-08,5.048549953,,,,,,,575,-1.18E-07,29.28456749,575,-1.58E-08,3.90831466,,,,,,,575,-1.98E-07,49.23905734,575,-1.74E-08,4.317012708,,,,,,,575,-9.93E-08,24.64595632,575,-1.43E-08,3.537831245,,,,,,,575,-1.31E-07,32.45216347,575,-1.66E-08,4.11502108,,,,,,,575,-2.83E-07,70.24643475,,,,575,-2.80E-07,69.57470092,,,
580,-4.00E-07,580,-9.41E-08,23.52671996,580,-1.79E-08,4.471539633,,,,,,,580,-2.29E-07,57.32482802,580,-2.06E-08,5.1556987,,,,,,,580,-2.62E-08,6.54602195,580,-1.79E-08,4.46528818,,,,,,,580,-6.36E-08,15.90719842,580,-2.12E-08,5.28872963,,,,,,,580,-1.20E-07,29.94521226,580,-1.58E-08,3.961170972,,,,,,,580,-1.99E-07,49.84433881,580,-1.75E-08,4.378267947,,,,,,,580,-1.01E-07,25.15659891,580,-1.43E-08,3.573330799,,,,,,,580,-1.33E-07,33.14870707,580,-1.67E-08,4.167218878,,,,,,,580,-2.84E-07,71.00700913,,,,580,-2.82E-07,70.42162303,,,
585,-3.91E-07,585,-9.40E-08,24.04263154,585,-1.79E-08,4.568212503,,,,,,,585,-2.27E-07,58.05222568,585,-2.06E-08,5.260412405,,,,,,,585,-2.89E-08,7.397103347,585,-1.79E-08,4.568723918,,,,,,,585,-7.60E-08,19.43273873,585,-2.19E-08,5.591297766,,,,,,,585,-1.19E-07,30.49489608,585,-1.60E-08,4.087482612,,,,,,,585,-1.97E-07,50.37256567,585,-1.75E-08,4.473856477,,,,,,,585,-1.00E-07,25.63083013,585,-1.43E-08,3.649967269,,,,,,,585,-1.33E-07,33.88506464,585,-1.67E-08,4.263665003,,,,,,,585,-2.81E-07,71.86553883,,,,585,-2.79E-07,71.30809672,,,
590,-3.80E-07,590,-9.28E-08,24.43771319,590,-1.78E-08,4.690837734,,,,,,,590,-2.23E-07,58.73306028,590,-2.05E-08,5.396741779,,,,,,,590,-3.19E-08,8.413691378,590,-1.79E-08,4.705061174,,,,,,,590,-8.90E-08,23.4339071,590,-2.26E-08,5.945134398,,,,,,,590,-1.18E-07,31.12193966,590,-1.59E-08,4.178793905,,,,,,,590,-1.94E-07,51.1535473,590,-1.75E-08,4.600755949,,,,,,,590,-9.91E-08,26.09263674,590,-1.43E-08,3.756305066,,,,,,,590,-1.32E-07,34.6403972,590,-1.66E-08,4.380556031,,,,,,,590,-2.76E-07,72.57878864,,,,590,-2.75E-07,72.31328443,,,
595,-3.69E-07,595,-9.11E-08,24.70124277,595,-1.78E-08,4.815375352,,,,,,,595,-2.18E-07,59.23231731,595,-2.04E-08,5.529788931,,,,,,,595,-3.52E-08,9.543686634,595,-1.79E-08,4.849550033,,,,,,,595,-1.02E-07,27.78021883,595,-2.33E-08,6.326926937,,,,,,,595,-1.17E-07,31.70081423,595,-1.58E-08,4.297330578,,,,,,,595,-1.92E-07,52.02471426,595,-1.75E-08,4.733735835,,,,,,,595,-9.82E-08,26.63156981,595,-1.43E-08,3.870689515,,,,,,,595,-1.30E-07,35.2549811,595,-1.66E-08,4.508616902,,,,,,,595,-2.70E-07,73.2046087,,,,595,-2.70E-07,73.10669553,,,
600,-3.60E-07,600,-9.00E-08,25.01750622,600,-1.77E-08,4.919804819,,,,,,,600,-2.14E-07,59.59174373,600,-2.03E-08,5.653676863,,,,,,,600,-3.85E-08,10.68741108,600,-1.79E-08,4.977325271,,,,,,,600,-1.16E-07,32.29148142,600,-2.41E-08,6.687933487,,,,,,,600,-1.16E-07,32.32482661,600,-1.58E-08,4.402398631,,,,,,,600,-1.91E-07,53.04580518,600,-1.75E-08,4.850057798,,,,,,,600,-9.81E-08,27.2577472,600,-1.43E-08,3.960019118,,,,,,,600,-1.29E-07,35.77522008,600,-1.66E-08,4.620531745,,,,,,,600,-2.65E-07,73.58005068,,,,600,-2.65E-07,73.55448604,,,
605,-3.58E-07,605,-9.07E-08,25.34610395,605,-1.77E-08,4.951690821,,,,,,,605,-2.13E-07,59.51450394,605,-2.03E-08,5.679683306,,,,,,,605,-4.20E-08,11.74069601,605,-1.80E-08,5.027173913,,,,,,,605,-1.31E-07,36.67611603,605,-2.49E-08,6.958702362,,,,,,,605,-1.17E-07,32.73394167,605,-1.59E-08,4.441201467,,,,,,,605,-1.93E-07,53.8418098,605,-1.75E-08,4.898013956,,,,,,,605,-9.92E-08,27.7445093,605,-1.43E-08,3.986625514,,,,,,,605,-1.29E-07,36.12397119,605,-1.67E-08,4.656188495,,,,,,,605,-2.63E-07,73.45063965,,,,605,-2.63E-07,73.53478932,,,
610,-3.62E-07,610,-9.34E-08,25.78881686,610,-1.78E-08,4.900769766,,,,,,,610,-2.15E-07,59.3641976,610,-2.03E-08,5.610622108,,,,,,,610,-4.59E-08,12.67297647,610,-1.82E-08,5.012037947,,,,,,,610,-1.48E-07,40.83045269,610,-2.59E-08,7.150154064,,,,,,,610,-1.19E-07,32.96878969,610,-1.60E-08,4.407379593,,,,,,,610,-1.97E-07,54.36706904,610,-1.77E-08,4.875644693,,,,,,,610,-1.02E-07,28.17155731,610,-1.43E-08,3.948225783,,,,,,,610,-1.31E-07,36.22317691,610,-1.67E-08,4.614454372,,,,,,,610,-2.66E-07,73.43037318,,,,610,-2.65E-07,73.16559356,,,
615,-3.66E-07,615,-9.61E-08,26.23706445,615,-1.78E-08,4.856835648,,,,,,,615,-2.18E-07,59.58376998,615,-2.04E-08,5.556556196,,,,,,,615,-4.97E-08,13.56459043,615,-1.83E-08,4.980460222,,,,,,,615,-1.63E-07,44.57716575,615,-2.70E-08,7.365077286,,,,,,,615,-1.22E-07,33.41793293,615,-1.60E-08,4.374345035,,,,,,,615,-2.02E-07,54.99738014,615,-1.78E-08,4.856835648,,,,,,,615,-1.05E-07,28.54663348,615,-1.44E-08,3.919144616,,,,,,,615,-1.33E-07,36.33661907,615,-1.68E-08,4.586935639,,,,,,,615,-2.69E-07,73.47147629,,,,615,-2.68E-07,73.049297,,,
620,-3.53E-07,620,-9.51E-08,26.97281844,620,-1.78E-08,5.034147116,,,,,,,620,-2.11E-07,59.8456573,620,-2.03E-08,5.750839497,,,,,,,620,-5.14E-08,14.59136906,620,-1.83E-08,5.195523438,,,,,,,620,-1.70E-07,48.18969234,620,-2.74E-08,7.761094977,,,,,,,620,-1.19E-07,33.70212597,620,-1.60E-08,4.550868993,,,,,,,620,-1.96E-07,55.69156419,620,-1.78E-08,5.039819395,,,,,,,620,-1.03E-07,29.10049008,620,-1.43E-08,4.063336661,,,,,,,620,-1.29E-07,36.65851749,620,-1.68E-08,4.756489087,,,,,,,620,-2.60E-07,73.81959886,,,,620,-2.57E-07,72.85162454,,,
625,-3.40E-07,625,-9.40E-08,27.67212999,625,-1.77E-08,5.219406475,,,,,,,625,-2.04E-07,60.20029564,625,-2.03E-08,5.965582836,,,,,,,625,-5.29E-08,15.57871366,625,-1.84E-08,5.422587883,,,,,,,625,-1.75E-07,51.56861937,625,-2.77E-08,8.163181173,,,,,,,625,-1.16E-07,34.22546658,625,-1.61E-08,4.730004299,,,,,,,625,-1.92E-07,56.4714751,625,-1.78E-08,5.243847137,,,,,,,625,-1.01E-07,29.82614739,625,-1.43E-08,4.211744474,,,,,,,625,-1.26E-07,37.01052421,625,-1.68E-08,4.933185708,,,,,,,625,-2.51E-07,73.88147162,,,,625,-2.47E-07,72.70537518,,,
630,-3.33E-07,630,-9.44E-08,28.31041464,630,-1.77E-08,5.321736522,,,,,,,630,-2.02E-07,60.51135938,630,-2.03E-08,6.082027442,,,,,,,630,-5.47E-08,16.39139237,630,-1.86E-08,5.567069056,,,,,,,630,-1.81E-07,54.3243608,630,-2.83E-08,8.490665067,,,,,,,630,-1.16E-07,34.70105721,630,-1.61E-08,4.824173352,,,,,,,630,-1.90E-07,57.07850341,630,-1.79E-08,5.378420934,,,,,,,630,-1.01E-07,30.43233111,630,-1.43E-08,4.292419585,,,,,,,630,-1.24E-07,37.31783759,630,-1.68E-08,5.048511659,,,,,,,630,-2.47E-07,74.19869536,,,,630,-2.42E-07,72.51165929,,,
635,-3.29E-07,635,-9.52E-08,28.91105413,635,-1.78E-08,5.400371874,,,,,,,635,-1.99E-07,60.55586613,635,-2.03E-08,6.177843132,,,,,,,635,-5.64E-08,17.13140753,635,-1.87E-08,5.692645164,,,,,,,635,-1.87E-07,56.81069684,635,-2.89E-08,8.787035462,,,,,,,635,-1.16E-07,35.11654473,635,-1.62E-08,4.917300634,,,,,,,635,-1.91E-07,57.91112704,635,-1.81E-08,5.512177041,,,,,,,635,-1.02E-07,31.07576015,635,-1.44E-08,4.35979389,,,,,,,635,-1.24E-07,37.53585057,635,-1.69E-08,5.141822424,,,,,,,635,-2.45E-07,74.37929903,,,,635,-2.38E-07,72.17570425,,,
640,-3.35E-07,640,-9.80E-08,29.28393675,640,-1.79E-08,5.3445582,,,,,,,640,-2.04E-07,60.8861391,640,-2.05E-08,6.116516746,,,,,,,640,-5.97E-08,17.82256306,640,-1.90E-08,5.680646963,,,,,,,640,-1.96E-07,58.64733982,640,-3.03E-08,9.057666857,,,,,,,640,-1.18E-07,35.27737032,640,-1.65E-08,4.918547021,,,,,,,640,-1.95E-07,58.20579387,640,-1.84E-08,5.500204641,,,,,,,640,-1.05E-07,31.23504405,640,-1.44E-08,4.312989756,,,,,,,640,-1.27E-07,37.81342144,640,-1.71E-08,5.113030385,,,,,,,640,-2.50E-07,74.80917627,,,,640,-2.43E-07,72.45147625,,,
645,-3.37E-07,645,-9.98E-08,29.60178265,645,-1.80E-08,5.342598664,,,,,,,645,-2.06E-07,61.12863361,645,-2.05E-08,6.082895436,,,,,,,645,-6.23E-08,18.48664944,645,-1.93E-08,5.728027725,,,,,,,645,-2.04E-07,60.38774342,645,-3.15E-08,9.342574927,,,,,,,645,-1.20E-07,35.53305818,645,-1.66E-08,4.931949072,,,,,,,645,-1.98E-07,58.74929902,645,-1.87E-08,5.549703733,,,,,,,645,-1.06E-07,31.58381969,645,-1.45E-08,4.307073321,,,,,,,645,-1.28E-07,38.07380418,645,-1.73E-08,5.127185656,,,,,,,645,-2.53E-07,75.05748798,,,,645,-2.45E-07,72.75737552,,,
650,-4.47E-07,650,-1.33E-07,29.81649323,650,-1.93E-08,4.315318339,,,,,,,650,-2.75E-07,61.47946738,650,-2.23E-08,4.992503077,,,,,,,650,-8.35E-08,18.67628958,650,-2.11E-08,4.726865839,,,,,,,650,-2.53E-07,56.69553541,650,-3.73E-08,8.357166835,,,,,,,650,-1.58E-07,35.45574578,650,-1.81E-08,4.060646749,,,,,,,650,-2.44E-07,54.50777666,650,-2.07E-08,4.63936444,,,,,,,650,-1.49E-07,33.30894036,650,-1.53E-08,3.417254112,,,,,,,650,-1.71E-07,38.35850957,650,-1.91E-08,4.272127112,,,,,,,650,-3.36E-07,75.30356943,,,,650,-3.03E-07,67.78740069,,,
655,-4.70E-07,655,-1.41E-07,30.01012404,655,-1.97E-08,4.185950554,,,,,,,655,-2.91E-07,61.83385513,655,-2.28E-08,4.85528577,,,,,,,655,-9.02E-08,19.18952374,655,-2.20E-08,4.682794235,,,,,,,655,-2.73E-07,57.9769359,655,-4.03E-08,8.572680404,,,,,,,655,-1.67E-07,35.57940991,655,-1.88E-08,3.994104235,,,,,,,655,-2.58E-07,54.96163074,655,-2.15E-08,4.57453506,,,,,,,655,-1.58E-07,33.60947576,655,-1.55E-08,3.306052305,,,,,,,655,-1.82E-07,38.68957479,655,-1.97E-08,4.183823655,,,,,,,655,-3.56E-07,75.69315649,,,,655,-3.20E-07,68.05269606,,,
660,-4.95E-07,660,-1.50E-07,30.34295413,660,-2.01E-08,4.060635049,,,,,,,660,-3.08E-07,62.13518363,660,-2.34E-08,4.729671093,,,,,,,660,-9.74E-08,19.65714678,660,-2.30E-08,4.635218945,,,,,,,660,-2.93E-07,59.20494703,660,-4.36E-08,8.798984438,,,,,,,660,-1.78E-07,35.92854735,660,-1.95E-08,3.932075182,,,,,,,660,-2.75E-07,55.42827389,660,-2.24E-08,4.516346478,,,,,,,660,-1.68E-07,33.97270171,660,-1.59E-08,3.200071041,,,,,,,660,-1.94E-07,39.07513588,660,-2.03E-08,4.096155515,,,,,,,660,-3.77E-07,76.10219399,,,,660,-3.38E-07,68.22371435,,,
665,-5.22E-07,665,-1.60E-07,30.70107408,665,-2.06E-08,3.947622905,,,,,,,665,-3.25E-07,62.30675989,665,-2.41E-08,4.611911232,,,,,,,665,-1.05E-07,20.07533325,665,-2.41E-08,4.616890043,,,,,,,665,-3.15E-07,60.33074627,665,-4.72E-08,9.044585255,,,,,,,665,-1.89E-07,36.17910699,665,-2.02E-08,3.876004619,,,,,,,665,-2.92E-07,55.95839246,665,-2.34E-08,4.478440789,,,,,,,665,-1.80E-07,34.44954453,665,-1.62E-08,3.102756921,,,,,,,665,-2.05E-07,39.32839665,665,-2.10E-08,4.029964784,,,,,,,665,-4.00E-07,76.55516044,,,,665,-3.57E-07,68.3387813,,,
670,-5.47E-07,670,-1.70E-07,31.06151075,670,-2.12E-08,3.868035807,,,,,,,670,-3.41E-07,62.40629829,670,-2.48E-08,4.536817754,,,,,,,670,-1.12E-07,20.43250459,670,-2.54E-08,4.638131726,,,,,,,670,-3.36E-07,61.42699085,670,-5.09E-08,9.30918135,,,,,,,670,-1.99E-07,36.44980478,670,-2.10E-08,3.844627525,,,,,,,670,-3.09E-07,56.49223229,670,-2.45E-08,4.479211433,,,,,,,670,-1.91E-07,34.92972943,670,-1.66E-08,3.030641076,,,,,,,670,-2.17E-07,39.70044713,670,-2.18E-08,3.986174483,,,,,,,670,-4.20E-07,76.82964074,,,,670,-3.74E-07,68.378885,,,
675,-5.71E-07,675,-1.78E-07,31.27719949,675,-2.17E-08,3.805255603,,,,,,,675,-3.57E-07,62.52214956,675,-2.55E-08,4.468121279,,,,,,,675,-1.19E-07,20.77388078,675,-2.67E-08,4.687732779,,,,,,,675,-3.56E-07,62.42803035,675,-5.48E-08,9.597881354,,,,,,,675,-2.09E-07,36.68931721,675,-2.19E-08,3.829793201,,,,,,,675,-3.25E-07,57.02590294,675,-2.56E-08,4.480039541,,,,,,,675,-2.02E-07,35.34167729,675,-1.70E-08,2.97343104,,,,,,,675,-2.28E-07,39.93932203,675,-2.26E-08,3.959141394,,,,,,,675,-4.41E-07,77.27345225,,,,675,-3.90E-07,68.37909887,,,
680,-5.96E-07,680,-1.87E-07,31.42657169,680,-2.23E-08,3.746945243,,,,,,,680,-3.73E-07,62.58073287,680,-2.63E-08,4.407578484,,,,,,,680,-1.26E-07,21.11810833,680,-2.83E-08,4.753336735,,,,,,,680,-3.76E-07,63.08913178,680,-5.92E-08,9.929304187,,,,,,,680,-2.20E-07,36.9291632,680,-2.27E-08,3.818111019,,,,,,,680,-3.42E-07,57.33645299,680,-2.69E-08,4.508284771,,,,,,,680,-2.12E-07,35.59228724,680,-1.74E-08,2.921657223,,,,,,,680,-2.39E-07,40.13850471,680,-2.35E-08,3.947015066,,,,,,,680,-4.61E-07,77.35182748,,,,680,-4.07E-07,68.34264307,,,
685,-6.12E-07,685,-1.93E-07,31.63221759,685,-2.29E-08,3.742770762,,,,,,,685,-3.82E-07,62.54171579,685,-2.69E-08,4.403192392,,,,,,,685,-1.31E-07,21.42666769,685,-2.99E-08,4.884732798,,,,,,,685,-3.89E-07,63.68171569,685,-6.29E-08,10.2773313,,,,,,,685,-2.27E-07,37.08956652,685,-2.36E-08,3.850851648,,,,,,,685,-3.52E-07,57.62084702,685,-2.79E-08,4.565558987,,,,,,,685,-2.20E-07,35.89544442,685,-1.78E-08,2.909844844,,,,,,,685,-2.46E-07,40.21262993,685,-2.43E-08,3.975447162,,,,,,,685,-4.74E-07,77.52751484,,,,685,-4.18E-07,68.38854833,,,
690,-6.19E-07,690,-1.97E-07,31.85937543,690,-2.34E-08,3.785051487,,,,,,,690,-3.87E-07,62.52737608,690,-2.75E-08,4.447572883,,,,,,,690,-1.34E-07,21.7201635,690,-3.14E-08,5.071949597,,,,,,,690,-3.97E-07,64.16921369,690,-6.60E-08,10.66143847,,,,,,,690,-2.31E-07,37.28594126,690,-2.43E-08,3.921628843,,,,,,,690,-3.57E-07,57.77302945,690,-2.90E-08,4.681936392,,,,,,,690,-2.23E-07,36.11800283,690,-1.81E-08,2.931645054,,,,,,,690,-2.49E-07,40.31052357,690,-2.50E-08,4.046407207,,,,,,,690,-4.80E-07,77.63768048,,,,690,-4.23E-07,68.30823489,,,
695,-6.16E-07,695,-1.98E-07,32.15545809,695,-2.38E-08,3.870695257,,,,,,,695,-3.85E-07,62.52517869,695,-2.80E-08,4.544022092,,,,,,,695,-1.36E-07,22.01445744,695,-3.27E-08,5.315302144,,,,,,,695,-3.99E-07,64.75016244,695,-6.84E-08,11.10510071,,,,,,,695,-2.30E-07,37.40253411,695,-2.49E-08,4.037849253,,,,,,,695,-3.57E-07,58.03362573,695,-2.98E-08,4.835282651,,,,,,,695,-2.25E-07,36.48895387,695,-1.84E-08,2.99122807,,,,,,,695,-2.49E-07,40.50406108,695,-2.56E-08,4.159681611,,,,,,,695,-4.78E-07,77.65139701,,,,695,-4.21E-07,68.31790123,,,
700,-6.09E-07,700,-1.98E-07,32.5190471,700,-2.42E-08,3.975990302,,,,,,,700,-3.80E-07,62.43950758,700,-2.84E-08,4.657217858,,,,,,,700,-1.36E-07,22.26252312,700,-3.41E-08,5.594870835,,,,,,,700,-3.98E-07,65.33969387,700,-7.02E-08,11.52715218,,,,,,,700,-2.29E-07,37.58841831,700,-2.54E-08,4.169828864,,,,,,,700,-3.55E-07,58.26852883,700,-3.06E-08,5.022061457,,,,,,,700,-2.25E-07,36.87926486,700,-1.87E-08,3.06494906,,,,,,,700,-2.48E-07,40.69936296,700,-2.61E-08,4.283175141,,,,,,,700,-4.74E-07,77.82421142,,,,700,-4.16E-07,68.33729224,,,
705,-6.06E-07,705,-1.99E-07,32.80470667,705,-2.47E-08,4.072487003,,,,,,,705,-3.80E-07,62.62782704,705,-2.89E-08,4.761268572,,,,,,,705,-1.37E-07,22.6337978,705,-3.56E-08,5.871302087,,,,,,,705,-3.98E-07,65.71530362,705,-7.31E-08,12.04955401,,,,,,,705,-2.30E-07,37.89980999,705,-2.60E-08,4.295153458,,,,,,,705,-3.54E-07,58.40838018,705,-3.14E-08,5.172624231,,,,,,,705,-2.24E-07,36.99528937,705,-1.90E-08,3.13200987,,,,,,,705,-2.48E-07,40.89904468,705,-2.68E-08,4.423805188,,,,,,,705,-4.73E-07,77.97103027,,,,705,-4.15E-07,68.51727232,,,
710,-6.14E-07,710,-2.03E-07,33.06807774,710,-2.54E-08,4.135281981,,,,,,,710,-3.86E-07,62.83493747,710,-2.96E-08,4.824305517,,,,,,,710,-1.41E-07,22.94392965,710,-3.76E-08,6.130647206,,,,,,,710,-4.06E-07,66.16956367,710,-7.71E-08,12.56424965,,,,,,,710,-2.34E-07,38.08142472,710,-2.70E-08,4.393095424,,,,,,,710,-3.59E-07,58.56748943,710,-3.26E-08,5.308316847,,,,,,,710,-2.29E-07,37.23790868,710,-1.95E-08,3.172800193,,,,,,,710,-2.52E-07,41.10168801,710,-2.78E-08,4.525587414,,,,,,,710,-4.80E-07,78.18005221,,,,710,-4.21E-07,68.64356232,,,
715,-6.27E-07,715,-2.09E-07,33.35383948,715,-2.62E-08,4.176242402,,,,,,,715,-3.95E-07,62.98868124,715,-3.05E-08,4.866014082,,,,,,,715,-1.46E-07,23.28393795,715,-4.01E-08,6.387878633,,,,,,,715,-4.18E-07,66.64679801,715,-8.21E-08,13.08207454,,,,,,,715,-2.40E-07,38.24694719,715,-2.81E-08,4.48112531,,,,,,,715,-3.68E-07,58.69689252,715,-3.41E-08,5.432270732,,,,,,,715,-2.35E-07,37.45629162,715,-2.01E-08,3.197206488,,,,,,,715,-2.60E-07,41.39570391,715,-2.90E-08,4.615637162,,,,,,,715,-4.91E-07,78.24685156,,,,715,-4.30E-07,68.60168235,,,
720,-6.39E-07,720,-2.15E-07,33.59020086,720,-2.71E-08,4.23158751,,,,,,,720,-4.04E-07,63.13246981,720,-3.15E-08,4.926318754,,,,,,,720,-1.51E-07,23.57361867,720,-4.27E-08,6.677773606,,,,,,,720,-4.29E-07,67.10656404,720,-8.69E-08,13.59817909,,,,,,,720,-2.46E-07,38.4364245,720,-2.93E-08,4.580595707,,,,,,,720,-3.75E-07,58.70299105,720,-3.56E-08,5.573962831,,,,,,,720,-2.41E-07,37.66722984,720,-2.07E-08,3.23071147,,,,,,,720,-2.66E-07,41.63929041,720,-3.02E-08,4.72170077,,,,,,,720,-5.00E-07,78.2837432,,,,720,-4.39E-07,68.70565046,,,
725,-6.43E-07,725,-2.18E-07,33.81558864,725,-2.78E-08,4.325842522,,,,,,,725,-4.08E-07,63.36859579,725,-3.24E-08,5.03135074,,,,,,,725,-1.54E-07,23.92401837,725,-4.52E-08,7.01948813,,,,,,,725,-4.34E-07,67.47574475,725,-9.12E-08,14.17808837,,,,,,,725,-2.48E-07,38.52985703,725,-3.04E-08,4.717532478,,,,,,,725,-3.78E-07,58.70593099,725,-3.70E-08,5.747117504,,,,,,,725,-2.44E-07,37.92506909,725,-2.12E-08,3.298122686,,,,,,,725,-2.69E-07,41.85828906,725,-3.13E-08,4.866436834,,,,,,,725,-5.04E-07,78.39674462,,,,725,-4.43E-07,68.86562237,,,
730,-6.43E-07,730,-2.18E-07,33.94269711,730,-2.85E-08,4.433234182,,,,,,,730,-4.10E-07,63.72195233,730,-3.32E-08,5.156513712,,,,,,,730,-1.56E-07,24.30477203,730,-4.77E-08,7.405300734,,,,,,,730,-4.37E-07,67.84296722,730,-9.54E-08,14.8186828,,,,,,,730,-2.48E-07,38.5963031,730,-3.13E-08,4.870869583,,,,,,,730,-3.77E-07,58.64500869,730,-3.82E-08,5.931855692,,,,,,,730,-2.46E-07,38.1557149,730,-2.18E-08,3.380795639,,,,,,,730,-2.71E-07,42.09054826,730,-3.24E-08,5.036381551,,,,,,,730,-5.05E-07,78.47784937,,,,730,-4.43E-07,68.90441956,,,
735,-6.48E-07,735,-2.21E-07,34.09393632,735,-2.94E-08,4.536762221,,,,,,,735,-4.16E-07,64.18436597,735,-3.42E-08,5.274522424,,,,,,,735,-1.60E-07,24.68579596,735,-5.06E-08,7.805441213,,,,,,,735,-4.42E-07,68.26921148,735,-1.00E-07,15.49744022,,,,,,,735,-2.52E-07,38.94463249,735,-3.25E-08,5.016923725,,,,,,,735,-3.80E-07,58.644219,735,-3.96E-08,6.113377383,,,,,,,735,-2.48E-07,38.33235325,735,-2.24E-08,3.458829739,,,,,,,735,-2.75E-07,42.43124399,735,-3.38E-08,5.210933051,,,,,,,735,-5.10E-07,78.71206824,,,,735,-4.49E-07,69.24759263,,,
740,-6.65E-07,740,-2.28E-07,34.25943339,740,-3.06E-08,4.602316579,,,,,,,740,-4.30E-07,64.61838429,740,-3.56E-08,5.351691849,,,,,,,740,-1.67E-07,25.06653508,740,-5.45E-08,8.201002878,,,,,,,740,-4.57E-07,68.74754584,740,-1.08E-07,16.17964546,,,,,,,740,-2.61E-07,39.21244134,740,-3.42E-08,5.147986947,,,,,,,740,-3.90E-07,58.74840338,740,-4.17E-08,6.273629543,,,,,,,740,-2.57E-07,38.65157585,740,-2.33E-08,3.509471375,,,,,,,740,-2.84E-07,42.77411774,740,-3.57E-08,5.36508161,,,,,,,740,-5.26E-07,79.15680614,,,,740,-4.63E-07,69.65744779,,,
745,-7.03E-07,745,-2.41E-07,34.34059369,745,-3.24E-08,4.614251006,,,,,,,745,-4.58E-07,65.09112427,745,-3.77E-08,5.365179887,,,,,,,745,-1.78E-07,25.39061389,745,-6.02E-08,8.559934907,,,,,,,745,-4.88E-07,69.34790525,745,-1.18E-07,16.83395069,,,,,,,745,-2.77E-07,39.33450546,745,-3.68E-08,5.235022674,,,,,,,745,-4.13E-07,58.78141554,745,-4.50E-08,6.396764704,,,,,,,745,-2.74E-07,38.92198533,745,-2.47E-08,3.516662968,,,,,,,745,-3.03E-07,43.04647537,745,-3.85E-08,5.47584908,,,,,,,745,-5.59E-07,79.5132547,,,,745,-4.92E-07,70.01448088,,,
750,-8.04E-07,750,-2.76E-07,34.31129559,750,-3.61E-08,4.491658704,,,,,,,750,-5.25E-07,65.33521958,750,-4.19E-08,5.215301003,,,,,,,750,-2.05E-07,25.55032151,750,-7.06E-08,8.786729575,,,,,,,750,-5.60E-07,69.70494406,750,-1.40E-07,17.37114787,,,,,,,750,-3.16E-07,39.37766265,750,-4.18E-08,5.200992395,,,,,,,750,-4.72E-07,58.66803034,750,-5.14E-08,6.396818761,,,,,,,750,-3.14E-07,39.03077222,750,-2.74E-08,3.404951027,,,,,,,750,-3.46E-07,43.04041746,750,-4.39E-08,5.46688366,,,,,,,750,-6.41E-07,79.74473443,,,,750,-5.64E-07,70.22328894,,,
755,-9.57E-07,755,-3.29E-07,34.34376567,755,-4.16E-08,4.347212937,,,,,,,755,-6.28E-07,65.60483871,755,-4.83E-08,5.048261742,,,,,,,755,-2.46E-07,25.69718369,755,-8.63E-08,9.016066355,,,,,,,755,-6.70E-07,70.01274444,755,-1.72E-07,17.95117416,,,,,,,755,-3.77E-07,39.36810547,755,-4.93E-08,5.14697894,,,,,,,755,-5.61E-07,58.6020809,755,-6.10E-08,6.368460638,,,,,,,755,-3.74E-07,39.10517299,755,-3.14E-08,3.277202073,,,,,,,755,-4.12E-07,43.0609644,755,-5.21E-08,5.444593014,,,,,,,755,-7.66E-07,79.99843306,,,,755,-6.75E-07,70.54299682,,,
760,-1.05E-06,760,-3.62E-07,34.48211183,760,-4.59E-08,4.374378139,,,,,,,760,-6.93E-07,65.99319226,760,-5.33E-08,5.077717741,,,,,,,760,-2.73E-07,26.00585561,760,-9.93E-08,9.456285259,,,,,,,760,-7.40E-07,70.4761134,760,-1.96E-07,18.68120254,,,,,,,760,-4.15E-07,39.55487848,760,-5.52E-08,5.257861036,,,,,,,760,-6.17E-07,58.72595273,760,-6.83E-08,6.503153936,,,,,,,760,-4.13E-07,39.3690224,760,-3.46E-08,3.293899217,,,,,,,760,-4.54E-07,43.25191021,760,-5.87E-08,5.590250173,,,,,,,760,-8.44E-07,80.33895884,,,,760,-7.45E-07,70.93408869,,,
765,-1.07E-06,765,-3.69E-07,34.55749464,765,-4.82E-08,4.519821651,,,,,,,765,-7.06E-07,66.13422302,765,-5.58E-08,5.225780279,,,,,,,765,-2.80E-07,26.26653288,765,-1.07E-07,9.991446049,,,,,,,765,-7.54E-07,70.61197759,765,-2.07E-07,19.41578293,,,,,,,765,-4.23E-07,39.62512519,765,-5.82E-08,5.449700799,,,,,,,765,-6.26E-07,58.62435974,765,-7.19E-08,6.733449322,,,,,,,765,-4.22E-07,39.5015473,765,-3.64E-08,3.406402628,,,,,,,765,-4.63E-07,43.37930731,765,-6.22E-08,5.826711751,,,,,,,765,-8.57E-07,80.3140134,,,,765,-7.59E-07,71.11303489,,,
770,-1.03E-06,770,-3.57E-07,34.72756013,770,-4.88E-08,4.746382627,,,,,,,770,-6.82E-07,66.37601226,770,-5.63E-08,5.473796843,,,,,,,770,-2.74E-07,26.62960531,770,-1.10E-07,10.67756134,,,,,,,770,-7.30E-07,71.01111354,770,-2.09E-07,20.2891953,,,,,,,770,-4.09E-07,39.78599742,770,-5.90E-08,5.741689161,,,,,,,770,-6.06E-07,58.92424795,770,-7.26E-08,7.059847766,,,,,,,770,-4.10E-07,39.87908854,770,-3.70E-08,3.602052479,,,,,,,770,-4.49E-07,43.7238394,770,-6.34E-08,6.163857883,,,,,,,770,-8.29E-07,80.63111306,,,,770,-7.36E-07,71.56868753,,,
775,-8.38E-07,775,-2.92E-07,34.83232135,775,-4.40E-08,5.251628345,,,,,,,775,-5.55E-07,66.24198654,775,-5.04E-08,6.014406034,,,,,,,775,-2.27E-07,27.06327607,775,-9.72E-08,11.60190474,,,,,,,775,-5.95E-07,71.01373191,775,-1.77E-07,21.17665588,,,,,,,775,-3.34E-07,39.8858876,775,-5.21E-08,6.219626999,,,,,,,775,-4.94E-07,58.91941617,775,-6.36E-08,7.592340485,,,,,,,775,-3.36E-07,40.14694776,775,-3.36E-08,4.012189171,,,,,,,775,-3.67E-07,43.83185721,775,-5.62E-08,6.707265419,,,,,,,775,-6.74E-07,80.42716982,,,,775,-6.00E-07,71.62450291,,,
780,-7.44E-07,780,-2.61E-07,35.04909673,780,-4.22E-08,5.675910461,,,,,,,780,-4.93E-07,66.23002714,780,-4.80E-08,6.452771121,,,,,,,780,-2.04E-07,27.37206744,780,-9.28E-08,12.48315704,,,,,,,780,-5.28E-07,71.00509121,780,-1.64E-07,22.03530231,,,,,,,780,-2.97E-07,39.91224177,780,-4.92E-08,6.613333979,,,,,,,780,-4.38E-07,58.83673958,780,-5.98E-08,8.035404514,,,,,,,780,-3.00E-07,40.33355118,780,-3.23E-08,4.340307194,,,,,,,780,-3.26E-07,43.85477264,780,-5.33E-08,7.168042343,,,,,,,780,-5.96E-07,80.08872644,,,,780,-5.32E-07,71.54460393,,,
785,-8.91E-07,785,-3.13E-07,35.08526058,785,-4.95E-08,5.556721263,,,,,,,785,-5.92E-07,66.40170824,785,-5.61E-08,6.298634776,,,,,,,785,-2.45E-07,27.48345225,785,-1.15E-07,12.92457774,,,,,,,785,-6.36E-07,71.41299067,785,-2.02E-07,22.69725732,,,,,,,785,-3.55E-07,39.85137044,785,-5.87E-08,6.588690195,,,,,,,785,-5.25E-07,58.91244366,785,-7.19E-08,8.062081958,,,,,,,785,-3.59E-07,40.33599302,785,-3.77E-08,4.229198763,,,,,,,785,-3.91E-07,43.85795027,785,-6.42E-08,7.199994614,,,,,,,785,-7.15E-07,80.2619812,,,,785,-6.40E-07,71.83780684,,,
790,-1.18E-06,790,-4.15E-07,35.08870253,790,-6.38E-08,5.39231225,,,,,,,790,-7.87E-07,66.51298944,790,-7.17E-08,6.063234204,,,,,,,790,-3.24E-07,27.40416518,790,-1.57E-07,13.31294447,,,,,,,790,-8.47E-07,71.55593538,790,-2.75E-07,23.28040852,,,,,,,790,-4.72E-07,39.92243442,790,-7.71E-08,6.513107788,,,,,,,790,-6.97E-07,58.91222224,790,-9.49E-08,8.026042287,,,,,,,790,-4.76E-07,40.27256152,790,-4.80E-08,4.056470039,,,,,,,790,-5.17E-07,43.72996089,790,-8.50E-08,7.181493814,,,,,,,790,-9.53E-07,80.52669529,,,,790,-8.53E-07,72.06709389,,,
795,-1.50E-06,795,-5.29E-07,35.1710756,795,-8.08E-08,5.377459902,,,,,,,795,-1.00E-06,66.63447109,795,-9.01E-08,5.996692636,,,,,,,795,-4.11E-07,27.33950105,795,-2.08E-07,13.8101738,,,,,,,795,-1.07E-06,71.47558192,795,-3.59E-07,23.88240099,,,,,,,795,-5.97E-07,39.73958832,795,-9.84E-08,6.547476505,,,,,,,795,-8.84E-07,58.7896591,795,-1.22E-07,8.115680577,,,,,,,795,-6.05E-07,40.22072597,795,-6.05E-08,4.026975106,,,,,,,795,-6.57E-07,43.71141852,795,-1.10E-07,7.297487148,,,,,,,795,-1.21E-06,80.49047703,,,,795,-1.09E-06,72.24701193,,,
800,-1.69E-06,800,-5.94E-07,35.14550258,800,-9.34E-08,5.523492346,,,,,,,800,-1.12E-06,66.45014145,800,-1.03E-07,6.098323935,,,,,,,800,-4.64E-07,27.42291426,800,-2.44E-07,14.4354812,,,,,,,800,-1.20E-06,71.14062766,800,-4.14E-07,24.46348657,,,,,,,800,-6.66E-07,39.37327332,800,-1.13E-07,6.697932238,,,,,,,800,-9.89E-07,58.47978599,800,-1.41E-07,8.315100668,,,,,,,800,-6.76E-07,39.99298683,800,-6.94E-08,4.104715026,,,,,,,800,-7.36E-07,43.53339594,800,-1.27E-07,7.524256344,,,,,,,800,-1.36E-06,80.12842498,,,,800,-1.22E-06,72.07942267,,,
805,-1.69E-06,805,-5.96E-07,35.16630911,805,-9.79E-08,5.780408928,,,,,,,805,-1.12E-06,66.36336158,805,-1.07E-07,6.332037306,,,,,,,805,-4.67E-07,27.57669606,805,-2.58E-07,15.25036395,,,,,,,805,-1.21E-06,71.1428224,805,-4.27E-07,25.17867116,,,,,,,805,-6.68E-07,39.4411929,805,-1.18E-07,6.963127563,,,,,,,805,-9.91E-07,58.49498257,805,-1.46E-07,8.635605298,,,,,,,805,-6.79E-07,40.09678292,805,-7.26E-08,4.286749938,,,,,,,805,-7.38E-07,43.55998663,805,-1.33E-07,7.863538096,,,,,,,805,-1.35E-06,79.94614775,,,,805,-1.22E-06,72.00043214,,,
810,-1.62E-06,810,-5.73E-07,35.3642501,810,-9.86E-08,6.087935126,,,,,,,810,-1.08E-06,66.58120745,810,-1.07E-07,6.632297781,,,,,,,810,-4.51E-07,27.82632745,810,-2.62E-07,16.16376809,,,,,,,810,-1.15E-06,71.27601125,810,-4.20E-07,25.95735723,,,,,,,810,-6.39E-07,39.45783504,810,-1.18E-07,7.279569547,,,,,,,810,-9.50E-07,58.64985962,810,-1.46E-07,9.013591164,,,,,,,810,-6.53E-07,40.32358032,810,-7.31E-08,4.515716018,,,,,,,810,-7.09E-07,43.76013967,810,-1.34E-07,8.259891498,,,,,,,810,-1.30E-06,79.99106104,,,,810,-1.17E-06,72.17138843,,,
815,-1.59E-06,815,-5.65E-07,35.47027225,815,-1.02E-07,6.380925109,,,,,,,815,-1.06E-06,66.78855677,815,-1.10E-07,6.91771884,,,,,,,815,-4.48E-07,28.12452509,815,-2.73E-07,17.11271789,,,,,,,815,-1.14E-06,71.65781849,815,-4.28E-07,26.84942019,,,,,,,815,-6.32E-07,39.6816037,815,-1.21E-07,7.622872889,,,,,,,815,-9.39E-07,58.96102656,815,-1.50E-07,9.402619162,,,,,,,815,-6.46E-07,40.58971953,815,-7.55E-08,4.740338278,,,,,,,815,-7.01E-07,44.02085382,815,-1.38E-07,8.665438346,,,,,,,815,-1.28E-06,80.12626082,,,,815,-1.15E-06,72.50288555,,,
820,-1.58E-06,820,-5.64E-07,35.59078146,820,-1.05E-07,6.641009831,,,,,,,820,-1.06E-06,66.95840904,820,-1.14E-07,7.192476127,,,,,,,820,-4.49E-07,28.34415586,820,-2.86E-07,18.02969133,,,,,,,820,-1.14E-06,71.88190871,820,-4.39E-07,27.71121292,,,,,,,820,-6.31E-07,39.80440555,820,-1.26E-07,7.954607849,,,,,,,820,-9.37E-07,59.1594967,820,-1.55E-07,9.753531549,,,,,,,820,-6.46E-07,40.79474763,820,-7.86E-08,4.958526428,,,,,,,820,-0.000000702,44.30411302,820,-1.44E-07,9.082280059,,,,,,,820,-1.27E-06,80.23784114,,,,820,-1.15E-06,72.76893764,,,
825,-1.56E-06,825,-5.56E-07,35.6210043,825,-1.08E-07,6.920659959,,,,,,,825,-1.05E-06,67.02146214,825,-1.17E-07,7.479047637,,,,,,,825,-4.45E-07,28.52522299,825,-2.96E-07,18.95228568,,,,,,,825,-1.12E-06,71.96827168,825,-4.45E-07,28.51175705,,,,,,,825,-6.22E-07,39.88739909,825,-1.29E-07,8.276680197,,,,,,,825,-9.24E-07,59.23410859,825,-1.58E-07,10.119911,,,,,,,825,-6.38E-07,40.89644692,825,-8.11E-08,5.198302009,,,,,,,825,-6.94E-07,44.4779383,825,-1.48E-07,9.493552379,,,,,,,825,-1.25E-06,80.24950465,,,,825,-1.13E-06,72.71364356,,,
830,-1.53E-06,830,-5.44E-07,35.61489252,830,-1.10E-07,7.225344474,,,,,,,830,-1.03E-06,67.11146495,830,-1.19E-07,7.792910398,,,,,,,830,-4.39E-07,28.74679534,830,-3.05E-07,19.9209359,,,,,,,830,-1.10E-06,72.16637349,830,-4.49E-07,29.38291925,,,,,,,830,-6.11E-07,39.94052202,830,-1.32E-07,8.640595879,,,,,,,830,-9.06E-07,59.29807874,830,-1.61E-07,10.51239899,,,,,,,830,-6.28E-07,41.07336424,830,-8.34E-08,5.457163361,,,,,,,830,-6.83E-07,44.6806395,830,-1.52E-07,9.933450344,,,,,,,830,-1.23E-06,80.22926366,,,,830,-1.11E-06,72.8193098,,,
835,-1.49E-06,835,-5.31E-07,35.6916026,835,-1.12E-07,7.525859561,,,,,,,835,-1.00E-06,67.2243791,835,-1.21E-07,8.130688113,,,,,,,835,-4.31E-07,28.96317889,835,-3.11E-07,20.90249315,,,,,,,835,-1.08E-06,72.43371105,835,-4.50E-07,30.24142756,,,,,,,835,-5.98E-07,40.18512335,835,-1.34E-07,9.022983216,,,,,,,835,-8.84E-07,59.38834588,835,-1.62E-07,10.9093523,,,,,,,835,-6.13E-07,41.1982095,835,-8.52E-08,5.72366799,,,,,,,835,-6.69E-07,44.91532199,835,-1.55E-07,10.38695457,,,,,,,835,-1.19E-06,80.24838078,,,,835,-1.09E-06,72.92453382,,,
840,-1.43E-06,840,-5.11E-07,35.73920201,840,-1.12E-07,7.864939697,,,,,,,840,-9.60E-07,67.15612717,840,-1.21E-07,8.466710154,,,,,,,840,-4.16E-07,29.08550208,840,-3.12E-07,21.83479098,,,,,,,840,-1.03E-06,72.40212656,840,-4.43E-07,30.98690915,,,,,,,840,-5.73E-07,40.09444395,840,-1.34E-07,9.39610186,,,,,,,840,-8.47E-07,59.29531686,840,-1.62E-07,11.31052699,,,,,,,840,-5.90E-07,41.27628809,840,-8.54E-08,5.979350273,,,,,,,840,-6.43E-07,45.00225366,840,-1.55E-07,10.82031994,,,,,,,840,-1.15E-06,80.15312322,,,,840,-1.04E-06,72.9085712,,,
845,-1.34E-06,845,-4.78E-07,35.67673931,845,-1.10E-07,8.219967814,,,,,,,845,-8.97E-07,66.99123668,845,-1.18E-07,8.834482733,,,,,,,845,-3.92E-07,29.24102292,845,-3.05E-07,22.77177667,,,,,,,845,-9.67E-07,72.23869674,845,-4.24E-07,31.68698496,,,,,,,845,-5.36E-07,40.03390324,845,-1.31E-07,9.75674051,,,,,,,845,-7.91E-07,59.09753156,845,-1.57E-07,11.69788777,,,,,,,845,-5.51E-07,41.17414243,845,-8.39E-08,6.269037902,,,,,,,845,-6.03E-07,45.00543273,845,-1.51E-07,11.28492538,,,,,,,845,-1.07E-06,79.90262153,,,,845,-9.75E-07,72.77562252,,,
850,-1.22E-06,850,-4.38E-07,35.91706793,850,-1.06E-07,8.659329981,,,,,,,850,-8.20E-07,67.31902929,850,-1.13E-07,9.30761636,,,,,,,850,-3.60E-07,29.5648627,850,-2.92E-07,23.93965085,,,,,,,850,-8.85E-07,72.6054481,850,-3.98E-07,32.64617221,,,,,,,850,-4.92E-07,40.35740695,850,-1.25E-07,10.23092586,,,,,,,850,-7.23E-07,59.36871893,850,-1.49E-07,12.19285596,,,,,,,850,-5.05E-07,41.44215199,850,-8.08E-08,6.633219609,,,,,,,850,-5.53E-07,45.35608149,850,-1.44E-07,11.85874103,,,,,,,850,-9.77E-07,80.1690354,,,,850,-8.88E-07,72.88301545,,,
855,-1.09E-06,855,-3.93E-07,36.0482096,855,-9.96E-08,9.12895097,,,,,,,855,-7.36E-07,67.4982102,855,-1.07E-07,9.816638143,,,,,,,855,-3.27E-07,29.94766721,855,-2.74E-07,25.08499839,,,,,,,855,-7.94E-07,72.82013158,855,-3.66E-07,33.57099577,,,,,,,855,-4.43E-07,40.5783099,855,-1.17E-07,10.7104848,,,,,,,855,-6.49E-07,59.45203194,855,-1.39E-07,12.7222127,,,,,,,855,-4.55E-07,41.71452457,855,-7.64E-08,7.003739104,,,,,,,855,-4.97E-07,45.59873793,855,-1.36E-07,12.43263608,,,,,,,855,-8.75E-07,80.19393108,,,,855,-7.96E-07,73.00740762,,,
860,-9.63E-07,860,-3.48E-07,36.14934052,860,-9.25E-08,9.605473895,,,,,,,860,-6.51E-07,67.60088394,860,-9.97E-08,10.34607316,,,,,,,860,-2.91E-07,30.18385753,860,-2.53E-07,26.21212797,,,,,,,860,-7.01E-07,72.80687641,860,-3.32E-07,34.430133,,,,,,,860,-3.91E-07,40.632068,860,-1.08E-07,11.22067575,,,,,,,860,-5.73E-07,59.51241892,860,-1.28E-07,13.27027254,,,,,,,860,-4.03E-07,41.84007,860,-7.14E-08,7.409210418,,,,,,,860,-4.41E-07,45.81356412,860,-1.25E-07,13.01970399,,,,,,,860,-7.72E-07,80.10263554,,,,860,-7.03E-07,72.96994319,,,
865,-8.41E-07,865,-3.05E-07,36.27350797,865,-8.53E-08,10.15228064,,,,,,,865,-5.68E-07,67.56235584,865,-9.18E-08,10.92326012,,,,,,,865,-2.56E-07,30.49847791,865,-2.30E-07,27.39397991,,,,,,,865,-6.12E-07,72.83382841,865,-2.96E-07,35.23046707,,,,,,,865,-3.43E-07,40.78506434,865,-9.89E-08,11.76549662,,,,,,,865,-5.00E-07,59.52399363,865,-1.17E-07,13.87870129,,,,,,,865,-3.54E-07,42.15488824,865,-6.61E-08,7.867535709,,,,,,,865,-3.86E-07,45.96493774,865,-1.15E-07,13.66076665,,,,,,,865,-6.72E-07,79.97558942,,,,865,-6.14E-07,73.07365168,,,
870,-7.30E-07,870,-2.66E-07,36.37348297,870,-7.86E-08,10.76020173,,,,,,,870,-4.94E-07,67.67146885,870,-8.44E-08,11.55371885,,,,,,,870,-2.25E-07,30.80160976,870,-2.09E-07,28.61687022,,,,,,,870,-5.32E-07,72.80228621,870,-2.63E-07,36.06141645,,,,,,,870,-2.99E-07,40.90810127,870,-9.01E-08,12.3386093,,,,,,,870,-4.36E-07,59.67413079,870,-1.06E-07,14.50623243,,,,,,,870,-3.09E-07,42.32479293,870,-6.09E-08,8.341035721,,,,,,,870,-3.38E-07,46.24951903,870,-1.05E-07,14.31986887,,,,,,,870,-5.82E-07,79.72156381,,,,870,-5.33E-07,72.99481167,,,
875,-6.32E-07,875,-2.31E-07,36.55545599,875,-7.21E-08,11.41115231,,,,,,,875,-4.28E-07,67.71333673,875,-7.72E-08,12.22884681,,,,,,,875,-1.97E-07,31.13413356,875,-1.88E-07,29.83896247,,,,,,,875,-4.59E-07,72.69976918,875,-2.33E-07,36.9262286,,,,,,,875,-2.59E-07,41.04826376,875,-8.18E-08,12.95091933,,,,,,,875,-3.78E-07,59.80995925,875,-9.57E-08,15.1551324,,,,,,,875,-2.69E-07,42.57346585,875,-5.59E-08,8.84962337,,,,,,,875,-2.93E-07,46.3812467,875,-9.49E-08,15.01771539,,,,,,,875,-5.02E-07,79.54354758,,,,875,-4.60E-07,72.83132854,,,
880,-5.47E-07,880,-2.01E-07,36.69330224,880,-6.61E-08,12.08488535,,,,,,,880,-3.70E-07,67.66172337,880,-7.08E-08,12.94481465,,,,,,,880,-1.72E-07,31.52257749,880,-1.70E-07,31.03659406,,,,,,,880,-3.97E-07,72.5502524,880,-2.07E-07,37.76780264,,,,,,,880,-2.24E-07,41.01268784,880,-7.44E-08,13.59455933,,,,,,,880,-3.27E-07,59.83188885,880,-8.66E-08,15.83549306,,,,,,,880,-2.34E-07,42.75447876,880,-5.13E-08,9.379169423,,,,,,,880,-2.55E-07,46.57015232,880,-8.62E-08,15.75964382,,,,,,,880,-4.35E-07,79.42383823,,,,880,-3.99E-07,72.84633858,,,
885,-4.88E-07,885,-1.79E-07,36.74925356,885,-6.20E-08,12.7198307,,,,,,,885,-3.29E-07,67.5394957,885,-6.64E-08,13.62335127,,,,,,,885,-1.55E-07,31.8016274,885,-1.57E-07,32.21032384,,,,,,,885,-3.53E-07,72.3025625,885,-1.88E-07,38.52327909,,,,,,,885,-2.00E-07,41.01216451,885,-6.94E-08,14.2248097,,,,,,,885,-2.91E-07,59.75068082,885,-8.05E-08,16.51108997,,,,,,,885,-2.09E-07,42.94327056,885,-4.83E-08,9.895252313,,,,,,,885,-2.28E-07,46.69679769,885,-8.04E-08,16.47868955,,,,,,,885,-3.86E-07,79.25183739,,,,885,-3.55E-07,72.79574611,,,
890,-4.57E-07,890,-1.69E-07,36.90191545,890,-6.06E-08,13.26296014,,,,,,,890,-3.09E-07,67.55651313,890,-6.49E-08,14.20513764,,,,,,,890,-1.47E-07,32.09490528,890,-1.52E-07,33.34887937,,,,,,,890,-3.30E-07,72.21725917,890,-1.79E-07,39.29118824,,,,,,,890,-1.88E-07,41.17817073,890,-6.75E-08,14.78778563,,,,,,,890,-2.73E-07,59.76969968,890,-7.82E-08,17.11509323,,,,,,,890,-1.97E-07,43.04938823,890,-4.74E-08,10.3847535,,,,,,,890,-2.14E-07,46.92363611,890,-7.83E-08,17.14377677,,,,,,,890,-3.62E-07,79.19414593,,,,890,-3.33E-07,72.83494049,,,
895,-4.45E-07,895,-1.65E-07,36.97569263,895,-6.11E-08,13.73851603,,,,,,,895,-3.01E-07,67.56957804,895,-6.54E-08,14.68712357,,,,,,,895,-1.44E-07,32.34861833,895,-1.53E-07,34.41798062,,,,,,,895,-3.22E-07,72.25463404,895,-1.79E-07,40.11951421,,,,,,,895,-1.84E-07,41.2481347,895,-6.80E-08,15.2768289,,,,,,,895,-2.66E-07,59.85306809,895,-7.86E-08,17.66936049,,,,,,,895,-1.92E-07,43.25187429,895,-4.79E-08,10.76571798,,,,,,,895,-2.10E-07,47.10451089,895,-7.90E-08,17.75048992,,,,,,,895,-3.53E-07,79.22906816,,,,895,-3.25E-07,72.97603423,,,
900,-4.39E-07,900,-1.63E-07,37.07224508,900,-6.21E-08,14.15469568,,,,,,,900,-2.96E-07,67.53914775,900,-6.63E-08,15.1055406,,,,,,,900,-1.43E-07,32.52987621,900,-1.56E-07,35.42500991,,,,,,,900,-3.18E-07,72.375381,900,-1.80E-07,40.92437434,,,,,,,900,-1.81E-07,41.28042863,900,-6.92E-08,15.75477587,,,,,,,900,-2.63E-07,59.86313665,900,-7.99E-08,18.19681169,,,,,,,900,-1.91E-07,43.45570849,900,-4.89E-08,11.14110502,,,,,,,900,-2.07E-07,47.25088729,900,-8.04E-08,18.31435744,,,,,,,900,-3.48E-07,79.20032439,,,,900,-3.21E-07,73.07222685,,,
905,-4.27E-07,905,-1.58E-07,37.14346001,905,-6.22E-08,14.59334631,,,,,,,905,-2.88E-07,67.56804914,905,-6.65E-08,15.59819942,,,,,,,905,-1.40E-07,32.80496096,905,-1.56E-07,36.59625349,,,,,,,905,-3.10E-07,72.6586641,905,-1.78E-07,41.80339015,,,,,,,905,-1.77E-07,41.51853328,905,-6.95E-08,16.28982721,,,,,,,905,-2.57E-07,60.14653131,905,-8.02E-08,18.8057112,,,,,,,905,-1.86E-07,43.70290484,905,-4.93E-08,11.55252854,,,,,,,905,-2.03E-07,47.52420697,905,-8.07E-08,18.92621855,,,,,,,905,-3.38E-07,79.27765925,,,,905,-3.12E-07,73.16788971,,,
910,-4.07E-07,910,-1.52E-07,37.27411824,910,-6.14E-08,15.10191431,,,,,,,910,-2.74E-07,67.3598709,910,-6.56E-08,16.13557087,,,,,,,910,-1.34E-07,32.98771518,910,-1.53E-07,37.53019546,,,,,,,910,-2.95E-07,72.5030626,910,-1.72E-07,42.28570445,,,,,,,910,-1.69E-07,41.51845675,910,-6.82E-08,16.77293502,,,,,,,910,-2.43E-07,59.84778042,910,-7.87E-08,19.3494507,,,,,,,910,-1.78E-07,43.69449815,910,-4.88E-08,12.00611043,,,,,,,910,-1.94E-07,47.65693032,910,-7.94E-08,19.53173045,,,,,,,910,-3.21E-07,79.03512268,,,,910,-2.97E-07,72.97438244,,,
915,-3.85E-07,915,-1.44E-07,37.37790111,915,-6.02E-08,15.628918,,,,,,,915,-2.58E-07,67.09410473,915,-6.42E-08,16.65762471,,,,,,,915,-1.27E-07,33.08837844,915,-1.48E-07,38.42114417,,,,,,,915,-2.78E-07,72.16184155,915,-1.65E-07,42.79243383,,,,,,,915,-1.59E-07,41.36839018,915,-6.64E-08,17.24375131,,,,,,,915,-2.29E-07,59.47445885,915,-7.68E-08,19.93012166,,,,,,,915,-1.68E-07,43.67162374,915,-4.80E-08,12.46959695,,,,,,,915,-1.84E-07,47.68547481,915,-7.75E-08,20.11520061,,,,,,,915,-3.04E-07,78.83376899,,,,915,-2.81E-07,72.88502522,,,
920,-3.72E-07,920,-1.39E-07,37.39735224,920,-6.01E-08,16.14006821,,,,,,,920,-2.49E-07,66.93627648,920,-6.38E-08,17.1449287,,,,,,,920,-1.24E-07,33.21222374,920,-1.46E-07,39.24111818,,,,,,,920,-2.68E-07,71.85853541,920,-1.62E-07,43.38220683,,,,,,,920,-1.54E-07,41.31367652,920,-6.59E-08,17.69999194,,,,,,,920,-2.20E-07,59.09208088,920,-7.62E-08,20.46107575,,,,,,,920,-1.62E-07,43.57743226,920,-4.81E-08,12.91146379,,,,,,,920,-1.78E-07,47.72791965,920,-7.71E-08,20.7075915,,,,,,,920,-2.94E-07,78.84932463,,,,920,-2.72E-07,73.11125433,,,
925,-3.72E-07,925,-1.40E-07,37.49187819,925,-6.17E-08,16.56177676,,,,,,,925,-2.49E-07,66.94303189,925,-6.54E-08,17.54659636,,,,,,,925,-1.24E-07,33.31901389,925,-1.50E-07,40.20845527,,,,,,,925,-2.68E-07,72.06151632,925,-1.65E-07,44.17431414,,,,,,,925,-1.54E-07,41.37745869,925,-6.76E-08,18.15955796,,,,,,,925,-2.20E-07,59.16005735,925,-7.80E-08,20.94325742,,,,,,,925,-1.63E-07,43.69398637,925,-4.94E-08,13.26069797,,,,,,,925,-1.78E-07,47.90792957,925,-7.93E-08,21.28397064,,,,,,,925,-2.94E-07,79.00626655,,,,925,-2.74E-07,73.48477933,,,
930,-3.84E-07,930,-1.44E-07,37.52286631,930,-6.47E-08,16.83194596,,,,,,,930,-2.57E-07,66.92601334,930,-6.85E-08,17.81893786,,,,,,,930,-1.28E-07,33.37687582,930,-1.58E-07,41.05319035,,,,,,,930,-2.77E-07,72.05509252,930,-1.72E-07,44.8187479,,,,,,,930,-1.59E-07,41.31184312,930,-7.10E-08,18.48378476,,,,,,,930,-2.27E-07,59.02123086,930,-8.22E-08,21.3974015,,,,,,,930,-1.68E-07,43.71205754,930,-5.20E-08,13.53165114,,,,,,,930,-1.84E-07,47.78076446,930,-8.36E-08,21.76508396,,,,,,,930,-3.04E-07,78.99031744,,,,930,-2.83E-07,73.72826887,,,
935,-3.99E-07,935,-1.50E-07,37.44729647,935,-6.84E-08,17.11600284,,,,,,,935,-2.67E-07,66.74995744,935,-7.23E-08,18.09896746,,,,,,,935,-1.34E-07,33.44783728,935,-1.68E-07,41.96102192,,,,,,,935,-2.88E-07,72.04760093,935,-1.82E-07,45.50930887,,,,,,,935,-1.65E-07,41.24595648,935,-7.53E-08,18.84683178,,,,,,,935,-2.36E-07,59.02244344,935,-8.71E-08,21.80023235,,,,,,,935,-1.75E-07,43.77146949,935,-5.50E-08,13.76526024,,,,,,,935,-1.92E-07,47.95645512,935,-8.87E-08,22.20884117,,,,,,,935,-3.15E-07,78.85399245,,,,935,-2.94E-07,73.69029854,,,
940,-4.20E-07,940,-1.57E-07,37.43275357,940,-7.31E-08,17.43199083,,,,,,,940,-2.81E-07,67.00926493,940,-7.74E-08,18.44405407,,,,,,,940,-1.41E-07,33.57208746,940,-1.80E-07,42.91662992,,,,,,,940,-3.02E-07,72.05194273,940,-1.93E-07,46.10846667,,,,,,,940,-1.73E-07,41.33251021,940,-8.04E-08,19.1638918,,,,,,,940,-2.47E-07,58.9542331,940,-9.32E-08,22.20699387,,,,,,,940,-1.84E-07,43.80331745,940,-5.89E-08,14.03254525,,,,,,,940,-2.02E-07,48.07943958,940,-9.53E-08,22.71969948,,,,,,,940,-3.32E-07,79.0248344,,,,940,-3.10E-07,73.79743004,,,
945,-4.39E-07,945,-1.65E-07,37.47680341,945,-7.80E-08,17.76010347,,,,,,,945,-2.96E-07,67.29252859,945,-8.25E-08,18.79247964,,,,,,,945,-1.48E-07,33.68998203,945,-1.93E-07,43.87393808,,,,,,,945,-3.17E-07,72.11901243,945,-2.05E-07,46.71536337,,,,,,,945,-1.81E-07,41.27159417,945,-8.56E-08,19.48763722,,,,,,,945,-2.59E-07,58.935382,945,-9.94E-08,22.62233567,,,,,,,945,-1.93E-07,43.92926834,945,-6.28E-08,14.30184821,,,,,,,945,-2.12E-07,48.23387168,945,-1.02E-07,23.3006437,,,,,,,945,-3.48E-07,79.32264829,,,,945,-3.26E-07,74.17693388,,,
950,-4.61E-07,950,-1.73E-07,37.43415743,950,-8.33E-08,18.07926274,,,,,,,950,-3.10E-07,67.17395455,950,-8.78E-08,19.0492203,,,,,,,950,-1.55E-07,33.63329486,950,-2.06E-07,44.61435997,,,,,,,950,-3.32E-07,71.98816352,950,-2.18E-07,47.18536581,,,,,,,950,-1.89E-07,41.08771488,950,-9.11E-08,19.76405148,,,,,,,950,-2.71E-07,58.77821359,950,-1.06E-07,22.95508387,,,,,,,950,-2.02E-07,43.92339266,950,-6.68E-08,14.49382577,,,,,,,950,-2.22E-07,48.16877392,950,-1.09E-07,23.74758107,,,,,,,950,-3.65E-07,79.14558692,,,,950,-3.42E-07,74.26455913,,,
955,-4.83E-07,955,-1.81E-07,37.4401081,955,-8.90E-08,18.43738084,,,,,,,955,-3.24E-07,67.08991661,955,-9.35E-08,19.36746688,,,,,,,955,-1.62E-07,33.64826666,955,-2.19E-07,45.38956679,,,,,,,955,-3.48E-07,72.08332643,955,-2.30E-07,47.76099607,,,,,,,955,-1.99E-07,41.14988312,955,-9.71E-08,20.13093324,,,,,,,955,-2.83E-07,58.60723345,955,-1.13E-07,23.3851982,,,,,,,955,-2.12E-07,43.90739758,955,-7.11E-08,14.72884925,,,,,,,955,-2.32E-07,48.11620273,955,-1.17E-07,24.23114545,,,,,,,955,-3.81E-07,79.05192566,,,,955,-3.59E-07,74.3322778,,,
960,-5.06E-07,960,-1.90E-07,37.49456285,960,-9.52E-08,18.8291352,,,,,,,960,-3.41E-07,67.36130333,960,-9.98E-08,19.73684211,,,,,,,960,-1.71E-07,33.80046661,960,-2.35E-07,46.42848669,,,,,,,960,-3.66E-07,72.38720392,960,-2.46E-07,48.59326189,,,,,,,960,-2.09E-07,41.30234489,960,-1.04E-07,20.56012496,,,,,,,960,-2.97E-07,58.70081854,960,-1.21E-07,23.86294436,,,,,,,960,-2.23E-07,44.01597533,960,-7.61E-08,15.04745146,,,,,,,960,-2.44E-07,48.18794733,960,-1.26E-07,24.85210961,,,,,,,960,-4.01E-07,79.24769663,,,,960,-3.77E-07,74.52726482,,,
965,-5.27E-07,965,-1.98E-07,37.58616767,965,-1.02E-07,19.27330982,,,,,,,965,-3.57E-07,67.68190953,965,-1.06E-07,20.14977439,,,,,,,965,-1.79E-07,34.00731809,965,-2.50E-07,47.4547833,,,,,,,965,-3.84E-07,72.78807872,965,-2.62E-07,49.58612975,,,,,,,965,-2.19E-07,41.47878512,965,-1.11E-07,21.06226065,,,,,,,965,-3.11E-07,58.96560877,965,-1.29E-07,24.38080613,,,,,,,965,-2.34E-07,44.27312024,965,-8.11E-08,15.38145073,,,,,,,965,-2.56E-07,48.46585523,965,-1.35E-07,25.51928108,,,,,,,965,-4.19E-07,79.52716794,,,,965,-3.95E-07,74.97781822,,,
970,-5.50E-07,970,-2.07E-07,37.60172092,970,-1.08E-07,19.66232015,,,,,,,970,-3.74E-07,67.91369233,970,-1.13E-07,20.56238792,,,,,,,970,-1.88E-07,34.19875982,970,-2.67E-07,48.43378397,,,,,,,970,-4.02E-07,73.02176769,970,-2.78E-07,50.43195622,,,,,,,970,-2.30E-07,41.72778855,970,-1.19E-07,21.53840005,,,,,,,970,-3.25E-07,59.02039051,970,-1.37E-07,24.83543876,,,,,,,970,-2.44E-07,44.41818086,970,-8.65E-08,15.72029949,,,,,,,970,-2.68E-07,48.62346317,970,-1.44E-07,26.13394186,,,,,,,970,-4.38E-07,79.6318334,,,,970,-4.14E-07,75.3024602,,,
975,-5.75E-07,975,-2.17E-07,37.71411582,975,-1.15E-07,20.07942193,,,,,,,975,-3.91E-07,68.04953786,975,-1.21E-07,20.97639597,,,,,,,975,-1.97E-07,34.28721947,975,-2.84E-07,49.31966284,,,,,,,975,-4.21E-07,73.20500873,975,-2.94E-07,51.19132896,,,,,,,975,-2.40E-07,41.66469619,975,-1.26E-07,21.97490768,,,,,,,975,-3.40E-07,59.03685261,975,-1.45E-07,25.28948668,,,,,,,975,-2.56E-07,44.55295607,975,-9.22E-08,16.02765163,,,,,,,975,-2.80E-07,48.76311818,975,-1.54E-07,26.71883802,,,,,,,975,-4.58E-07,79.57962709,,,,975,-4.34E-07,75.37520255,,,
980,-6.01E-07,980,-2.27E-07,37.77395145,980,-1.23E-07,20.4978377,,,,,,,980,-4.10E-07,68.30963986,980,-1.28E-07,21.38057707,,,,,,,980,-2.06E-07,34.33791217,980,-3.01E-07,50.19957803,,,,,,,980,-4.40E-07,73.29267947,980,-3.12E-07,51.91243545,,,,,,,980,-2.49E-07,41.502905,980,-1.35E-07,22.41268773,,,,,,,980,-3.54E-07,59.00665593,980,-1.55E-07,25.7314947,,,,,,,980,-2.68E-07,44.6395356,980,-9.81E-08,16.34341742,,,,,,,980,-2.94E-07,48.91301995,980,-1.64E-07,27.35759354,,,,,,,980,-4.78E-07,79.62322465,,,,980,-4.54E-07,75.55672862,,,
985,-6.24E-07,985,-2.36E-07,37.87350969,985,-1.31E-07,20.99044694,,,,,,,985,-4.26E-07,68.3697271,985,-1.36E-07,21.77726406,,,,,,,985,-2.14E-07,34.28666242,985,-3.18E-07,50.99434255,,,,,,,985,-4.57E-07,73.27034094,985,-3.28E-07,52.51475282,,,,,,,985,-2.58E-07,41.42059928,985,-1.42E-07,22.80663504,,,,,,,985,-3.68E-07,58.92295188,985,-1.63E-07,26.14098904,,,,,,,985,-2.79E-07,44.67303324,985,-1.04E-07,16.64740237,,,,,,,985,-3.06E-07,49.04172792,985,-1.74E-07,27.95012336,,,,,,,985,-4.97E-07,79.67453217,,,,985,-4.73E-07,75.81739687,,,
990,-6.40E-07,990,-2.43E-07,37.93798253,990,-1.37E-07,21.44443767,,,,,,,990,-4.37E-07,68.34692515,990,-1.42E-07,22.1670942,,,,,,,990,-2.19E-07,34.30125226,990,-3.30E-07,51.66142221,,,,,,,990,-4.68E-07,73.16229055,990,-3.40E-07,53.09610566,,,,,,,990,-2.63E-07,41.17594646,990,-1.49E-07,23.22989794,,,,,,,990,-3.76E-07,58.73729724,990,-1.70E-07,26.52554309,,,,,,,990,-2.84E-07,44.39734072,990,-1.09E-07,16.96421733,,,,,,,990,-3.13E-07,49.00370942,990,-1.82E-07,28.51437263,,,,,,,990,-5.08E-07,79.36935205,,,,990,-4.85E-07,75.74840986,,,
995,-6.47E-07,995,-2.45E-07,37.87648683,995,-1.41E-07,21.8608395,,,,,,,995,-4.43E-07,68.38290844,995,-1.46E-07,22.54541016,,,,,,,995,-2.22E-07,34.35691917,995,-3.39E-07,52.34547721,,,,,,,995,-4.73E-07,73.0472896,995,-3.48E-07,53.76158525,,,,,,,995,-2.66E-07,41.08999841,995,-1.53E-07,23.68605228,,,,,,,995,-3.79E-07,58.59081337,995,-1.74E-07,26.92768208,,,,,,,995,-2.87E-07,44.38940963,995,-1.12E-07,17.28034953,,,,,,,995,-3.17E-07,49.02366411,995,-1.89E-07,29.13434487,,,,,,,995,-5.12E-07,79.08544696,,,,995,-4.89E-07,75.60388526,,,
1000,-6.49E-07,1000,-2.46E-07,37.9103052,1000,-1.45E-07,22.32879878,,,,,,,1000,-4.45E-07,68.57585235,1000,-1.50E-07,23.0675253,,,,,,,1000,-2.24E-07,34.44976814,1000,-3.45E-07,53.07476621,,,,,,,1000,-4.74E-07,72.99034032,1000,-3.53E-07,54.38845152,,,,,,,1000,-2.67E-07,41.1417523,1000,-1.57E-07,24.13424949,,,,,,,1000,-3.80E-07,58.61190282,1000,-1.78E-07,27.39866582,,,,,,,1000,-2.88E-07,44.34808732,1000,-1.15E-07,17.70031891,,,,,,,1000,-3.18E-07,49.0592984,1000,-1.93E-07,29.79170839,,,,,,,1000,-5.13E-07,79.02340199,,,,1000,-4.92E-07,75.84387373,,,
1005,-6.54E-07,1005,-2.48E-07,37.86535831,1005,-1.49E-07,22.81648593,,,,,,,1005,-4.50E-07,68.74047581,1005,-1.54E-07,23.54525376,,,,,,,1005,-2.26E-07,34.54173067,1005,-3.52E-07,53.86798725,,,,,,,1005,-4.78E-07,73.02275107,1005,-3.60E-07,55.07546752,,,,,,,1005,-2.69E-07,41.18134367,1005,-1.61E-07,24.611199,,,,,,,1005,-3.83E-07,58.57043508,1005,-1.82E-07,27.84449488,,,,,,,1005,-2.91E-07,44.41463955,1005,-1.18E-07,18.04403482,,,,,,,1005,-3.22E-07,49.21490856,1005,-1.99E-07,30.48688967,,,,,,,1005,-5.16E-07,78.93864013,,,,1005,-4.97E-07,75.93889233,,,
1010,-6.54E-07,1010,-2.47E-07,37.72173097,1010,-1.53E-07,23.30908407,,,,,,,1010,-4.51E-07,68.83794558,1010,-1.57E-07,24.02983866,,,,,,,1010,-2.27E-07,34.62082075,1010,-3.58E-07,54.69819834,,,,,,,1010,-4.77E-07,72.93174605,1010,-3.64E-07,55.63378883,,,,,,,1010,-2.70E-07,41.25689698,1010,-1.64E-07,25.04167603,,,,,,,1010,-3.83E-07,58.59351244,1010,-1.85E-07,28.32640388,,,,,,,1010,-2.91E-07,44.51687134,1010,-1.21E-07,18.45800997,,,,,,,1010,-3.22E-07,49.22538364,1010,-2.04E-07,31.13027215,,,,,,,1010,-5.16E-07,78.90497866,,,,1010,-4.96E-07,75.79031649,,,
1015,-6.36E-07,1015,-2.40E-07,37.71134445,1015,-1.52E-07,23.81559907,,,,,,,1015,-4.39E-07,68.94263749,1015,-1.56E-07,24.5289185,,,,,,,1015,-2.20E-07,34.58640828,1015,-3.52E-07,55.35421652,,,,,,,1015,-4.63E-07,72.79581938,1015,-3.57E-07,56.018672,,,,,,,1015,-2.63E-07,41.28925417,1015,-1.62E-07,25.51059688,,,,,,,1015,-3.73E-07,58.5869362,1015,-1.83E-07,28.78322474,,,,,,,1015,-2.83E-07,44.52385928,1015,-1.20E-07,18.848759,,,,,,,1015,-3.13E-07,49.14598066,1015,-2.02E-07,31.76251176,,,,,,,1015,-5.00E-07,78.60528768,,,,1015,-4.83E-07,75.85492277,,,
1020,-6.12E-07,1020,-2.30E-07,37.56788427,1020,-1.49E-07,24.29043271,,,,,,,1020,-4.21E-07,68.73932605,1020,-1.53E-07,24.96163507,,,,,,,1020,-2.11E-07,34.45636204,1020,-3.42E-07,55.83759746,,,,,,,1020,-4.44E-07,72.60180393,1020,-3.45E-07,56.33932409,,,,,,,1020,-2.53E-07,41.2829493,1020,-1.59E-07,25.92521168,,,,,,,1020,-3.58E-07,58.48122284,1020,-1.79E-07,29.2053925,,,,,,,1020,-2.72E-07,44.4673608,1020,-1.17E-07,19.17707028,,,,,,,1020,-3.00E-07,48.97718043,1020,-1.98E-07,32.32312502,,,,,,,1020,-4.79E-07,78.27817881,,,,1020,-4.62E-07,75.50593492,,,
1025,-5.84E-07,1025,-2.18E-07,37.39526808,1025,-1.44E-07,24.71048355,,,,,,,1025,-4.00E-07,68.41578038,1025,-1.48E-07,25.38926114,,,,,,,1025,-2.01E-07,34.40001644,1025,-3.28E-07,56.12295395,,,,,,,1025,-4.22E-07,72.21446906,1025,-3.31E-07,56.63255084,,,,,,,1025,-2.40E-07,41.09361274,1025,-1.53E-07,26.27934335,,,,,,,1025,-3.38E-07,57.94592725,1025,-1.72E-07,29.4983998,,,,,,,1025,-2.58E-07,44.23390086,1025,-1.14E-07,19.50389646,,,,,,,1025,-2.85E-07,48.82061539,1025,-1.92E-07,32.85427344,,,,,,,1025,-4.54E-07,77.65684745,,,,1025,-4.38E-07,75.0506429,,,
1030,-5.48E-07,1030,-2.05E-07,37.35042361,1030,-1.38E-07,25.20761075,,,,,,,1030,-3.74E-07,68.27667575,1030,-1.42E-07,25.89125828,,,,,,,1030,-1.89E-07,34.42891999,1030,-3.10E-07,56.4529835,,,,,,,1030,-3.94E-07,71.80943211,1030,-3.12E-07,56.9856414,,,,,,,1030,-2.25E-07,40.99386924,1030,-1.46E-07,26.68231269,,,,,,,1030,-3.17E-07,57.8470847,1030,-1.64E-07,29.83011842,,,,,,,1030,-2.42E-07,44.13893964,1030,-1.09E-07,19.94595009,,,,,,,1030,-2.67E-07,48.70747034,1030,-1.84E-07,33.5248057,,,,,,,1030,-4.24E-07,77.24615323,,,,1030,-4.11E-07,75.00519711,,,
1035,-5.08E-07,1035,-1.90E-07,37.50103432,1035,-1.31E-07,25.90636316,,,,,,,1035,-3.48E-07,68.56680156,1035,-1.35E-07,26.62310029,,,,,,,1035,-1.76E-07,34.70126759,1035,-2.90E-07,57.16500715,,,,,,,1035,-3.64E-07,71.67272813,1035,-2.92E-07,57.49323257,,,,,,,1035,-2.08E-07,41.0358605,1035,-1.38E-07,27.23187372,,,,,,,1035,-2.93E-07,57.76964329,1035,-1.54E-07,30.34725697,,,,,,,1035,-2.25E-07,44.27418052,1035,-1.04E-07,20.50108555,,,,,,,1035,-2.49E-07,48.98774179,1035,-1.75E-07,34.40870172,,,,,,,1035,-3.92E-07,77.17887694,,,,1035,-3.82E-07,75.32714184,,,
1040,-4.69E-07,1040,-1.77E-07,37.71192137,1040,-1.25E-07,26.71004142,,,,,,,1040,-3.23E-07,68.97396448,1040,-1.29E-07,27.42297212,,,,,,,1040,-1.65E-07,35.10239443,1040,-2.72E-07,58.07365741,,,,,,,1040,-3.36E-07,71.65668365,1040,-2.72E-07,58.06149427,,,,,,,1040,-1.93E-07,41.23112313,1040,-1.30E-07,27.82243523,,,,,,,1040,-2.72E-07,57.9744318,1040,-1.45E-07,30.86407371,,,,,,,1040,-2.09E-07,44.50599515,1040,-9.91E-08,21.15234012,,,,,,,1040,-2.32E-07,49.51315433,1040,-1.66E-07,35.3608078,,,,,,,1040,-3.64E-07,77.61512839,,,,1040,-3.55E-07,75.76014288,,,
1045,-4.13E-07,1045,-1.57E-07,37.89694406,1045,-1.14E-07,27.51677365,,,,,,,1045,-2.87E-07,69.38878787,1045,-1.17E-07,28.35285315,,,,,,,1045,-1.48E-07,35.72575236,1045,-2.45E-07,59.27060356,,,,,,,1045,-2.98E-07,72.05925438,1045,-2.43E-07,58.86382291,,,,,,,1045,-1.72E-07,41.6678975,1045,-1.19E-07,28.70224867,,,,,,,1045,-2.42E-07,58.51491166,1045,-1.31E-07,31.70879348,,,,,,,1045,-1.86E-07,45.05725195,1045,-9.09E-08,22.00828573,,,,,,,1045,-2.07E-07,50.12191313,1045,-1.50E-07,36.38241255,,,,,,,1045,-3.21E-07,77.83263398,,,,1045,-3.15E-07,76.37379267,,,
1050,-3.69E-07,1050,-1.41E-07,38.22865453,1050,-1.05E-07,28.50421646,,,,,,,1050,-2.58E-07,70.05719619,1050,-1.08E-07,29.4044867,,,,,,,1050,-1.34E-07,36.25690533,1050,-2.22E-07,60.36775958,,,,,,,1050,-2.66E-07,72.28915009,1050,-2.20E-07,59.63679875,,,,,,,1050,-1.55E-07,42.03051911,1050,-1.09E-07,29.54150794,,,,,,,1050,-2.18E-07,59.03064935,1050,-1.20E-07,32.54132344,,,,,,,1050,-1.68E-07,45.48535365,1050,-8.41E-08,22.83207979,,,,,,,1050,-1.87E-07,50.8199568,1050,-1.38E-07,37.55006024,,,,,,,1050,-2.89E-07,78.46378841,,,,1050,-2.83E-07,76.87624133,,,
1055,-3.76E-07,1055,-1.44E-07,38.36211945,1055,-1.09E-07,29.11905954,,,,,,,1055,-2.64E-07,70.28037184,1055,-1.12E-07,29.8721662,,,,,,,1055,-1.36E-07,36.15337926,1055,-2.29E-07,60.91512176,,,,,,,1055,-2.70E-07,71.99449479,1055,-2.25E-07,59.80795647,,,,,,,1055,-1.57E-07,41.82949814,1055,-1.12E-07,29.90783827,,,,,,,1055,-2.21E-07,58.87968396,1055,-1.24E-07,32.89497503,,,,,,,1055,-1.71E-07,45.47630203,1055,-8.73E-08,23.24967256,,,,,,,1055,-1.92E-07,51.10503562,1055,-1.44E-07,38.37090437,,,,,,,1055,-2.97E-07,78.93723845,,,,1055,-2.91E-07,77.5060962,,,
1060,-5.48E-07,1060,-2.06E-07,37.63794734,1060,-1.57E-07,28.68300679,,,,,,,1060,-3.82E-07,69.64045165,1060,-1.60E-07,29.18752076,,,,,,,1060,-1.95E-07,35.59433718,1060,-3.33E-07,60.76472929,,,,,,,1060,-3.96E-07,72.294991,1060,-3.33E-07,60.83117035,,,,,,,1060,-2.28E-07,41.52894749,1060,-1.64E-07,29.8864296,,,,,,,1060,-3.21E-07,58.5743647,1060,-1.79E-07,32.70561135,,,,,,,1060,-2.47E-07,45.08810742,1060,-1.26E-07,22.94315639,,,,,,,1060,-2.77E-07,50.64688767,1060,-2.11E-07,38.4872612,,,,,,,1060,-4.30E-07,78.41176664,,,,1060,-4.26E-07,77.74242773,,,
1065,-7.36E-07,1065,-2.75E-07,37.38816111,1065,-2.11E-07,28.63714193,,,,,,,1065,-5.11E-07,69.44583356,1065,-2.14E-07,29.02144371,,,,,,,1065,-2.57E-07,34.94509974,1065,-4.51E-07,61.34723053,,,,,,,1065,-5.32E-07,72.23582649,1065,-4.46E-07,60.59248791,,,,,,,1065,-3.03E-07,41.18878078,1065,-2.21E-07,30.03533185,,,,,,,1065,-4.29E-07,58.34850791,1065,-2.42E-07,32.89327064,,,,,,,1065,-3.29E-07,44.68024678,1065,-1.68E-07,22.7807523,,,,,,,1065,-3.67E-07,49.90827309,1065,-2.82E-07,38.33790835,,,,,,,1065,-5.69E-07,77.27469153,,,,1065,-5.58E-07,75.82309616,,,
1070,-4.70E-07,1070,-1.78E-07,37.79680752,1070,-1.40E-07,29.78899127,,,,,,,1070,-3.24E-07,69.0681601,1070,-1.41E-07,30.02420225,,,,,,,1070,-1.67E-07,35.55091519,1070,-2.86E-07,60.92070729,,,,,,,1070,-3.36E-07,71.53691748,1070,-2.86E-07,60.80405968,,,,,,,1070,-1.95E-07,41.45439142,1070,-1.44E-07,30.68385729,,,,,,,1070,-2.73E-07,58.09796271,1070,-1.58E-07,33.54491678,,,,,,,1070,-2.10E-07,44.74564221,1070,-1.11E-07,23.71224651,,,,,,,1070,-2.37E-07,50.39219568,1070,-1.86E-07,39.62251299,,,,,,,1070,-3.64E-07,77.54724973,,,,1070,-3.62E-07,77.04383439,,,
1075,-3.52E-07,1075,-1.33E-07,37.90430366,1075,-1.08E-07,30.73845314,,,,,,,1075,-2.41E-07,68.52019314,1075,-1.09E-07,30.94490607,,,,,,,1075,-1.27E-07,36.1102106,1075,-2.16E-07,61.52752421,,,,,,,1075,-2.52E-07,71.68950161,1075,-2.17E-07,61.67198439,,,,,,,1075,-1.47E-07,41.91961417,1075,-1.12E-07,31.89640954,,,,,,,1075,-2.06E-07,58.67329819,1075,-1.21E-07,34.49697714,,,,,,,1075,-1.60E-07,45.37414618,1075,-8.65E-08,24.59519869,,,,,,,1075,-1.78E-07,50.51613233,1075,-1.42E-07,40.40050732,,,,,,,1075,-2.72E-07,77.32885166,,,,1075,-2.71E-07,77.12097687,,,
1080,-3.07E-07,1080,-1.18E-07,38.29887677,1080,-9.79E-08,31.86553801,,,,,,,1080,-2.13E-07,69.4527104,1080,-9.87E-08,32.14129904,,,,,,,1080,-1.13E-07,36.63128764,1080,-1.89E-07,61.67214716,,,,,,,1080,-2.18E-07,70.83802702,1080,-1.89E-07,61.66075208,,,,,,,1080,-1.28E-07,41.82353899,1080,-9.96E-08,32.42194368,,,,,,,1080,-1.79E-07,58.44017581,1080,-1.07E-07,34.95686147,,,,,,,1080,-1.39E-07,45.33289923,1080,-7.77E-08,25.28373759,,,,,,,1080,-1.57E-07,51.09490477,1080,-1.28E-07,41.54191763,,,,,,,1080,-2.38E-07,77.6268924,,,,1080,-2.39E-07,77.66726355,,,
1085,-2.70E-07,1085,-1.04E-07,38.48576356,1085,-8.83E-08,32.6886782,,,,,,,1085,-1.88E-07,69.66457209,1085,-8.97E-08,33.20973126,,,,,,,1085,-1.00E-07,37.07359134,1085,-1.67E-07,61.90169564,,,,,,,1085,-1.90E-07,70.23040315,1085,-1.67E-07,61.62636647,,,,,,,1085,-1.13E-07,41.84115283,1085,-8.91E-08,32.96363731,,,,,,,1085,-1.57E-07,58.17142942,1085,-9.57E-08,35.42309657,,,,,,,1085,-1.23E-07,45.33975768,1085,-7.01E-08,25.9272006,,,,,,,1085,-1.40E-07,51.63125134,1085,-1.15E-07,42.46952506,,,,,,,1085,-2.09E-07,77.50627262,,,,1085,-2.10E-07,77.70166752,,,
1090,-2.41E-07,1090,-9.34E-08,38.69757348,1090,-8.07E-08,33.43493873,,,,,,,1090,-1.68E-07,69.68818465,1090,-8.28E-08,34.27483983,,,,,,,1090,-9.12E-08,37.78478156,1090,-1.51E-07,62.68776635,,,,,,,1090,-1.69E-07,70.18268263,1090,-1.50E-07,62.05162824,,,,,,,1090,-1.02E-07,42.15077633,1090,-8.14E-08,33.69751136,,,,,,,1090,-1.41E-07,58.33419615,1090,-8.73E-08,36.16917298,,,,,,,1090,-1.10E-07,45.75680142,1090,-6.46E-08,26.7368517,,,,,,,1090,-1.26E-07,52.28715672,1090,-1.05E-07,43.40275908,,,,,,,1090,-1.88E-07,77.65357807,,,,1090,-1.88E-07,77.69540746,,,
1095,-2.20E-07,1095,-8.55E-08,38.77659333,1095,-7.50E-08,34.01723747,,,,,,,1095,-1.53E-07,69.61215695,1095,-7.77E-08,35.24790202,,,,,,,1095,-8.46E-08,38.36017237,1095,-1.39E-07,63.06146518,,,,,,,1095,-1.55E-07,70.1211159,1095,-1.38E-07,62.42685416,,,,,,,1095,-9.37E-08,42.51984577,1095,-7.59E-08,34.43139034,,,,,,,1095,-1.29E-07,58.46042186,1095,-8.14E-08,36.91267861,,,,,,,1095,-1.02E-07,46.14969381,1095,-6.06E-08,27.50737129,,,,,,,1095,-1.16E-07,52.68224087,1095,-9.74E-08,44.1778181,,,,,,,1095,-1.71E-07,77.46745294,,,,1095,-1.71E-07,77.72556135,,,
1100,-2.06E-07,1100,-8.01E-08,38.89590212,1100,-7.09E-08,34.44746553,,,,,,,1100,-1.43E-07,69.32608273,1100,-7.42E-08,36.01136143,,,,,,,1100,-8.00E-08,38.85803069,1100,-1.30E-07,63.3224898,,,,,,,1100,-1.44E-07,69.99563022,1100,-1.30E-07,62.88599728,,,,,,,1100,-8.81E-08,42.77529617,1100,-7.22E-08,35.0684599,,,,,,,1100,-1.21E-07,58.54437755,1100,-7.74E-08,37.58933774,,,,,,,1100,-9.54E-08,46.316275,1100,-5.80E-08,28.16857642,,,,,,,1100,-1.09E-07,53.03456982,1100,-9.24E-08,44.88444358,,,,,,,1100,-1.59E-07,77.0499126,,,,1100,-1.59E-07,77.30578753,,,
